gene	p	fdr
BRCA1	2.38682385057563e-46	5.07677433017436e-43
MFN2	1.0827861176249e-17	1.15154303609408e-14
MSH2	9.0336133499845e-17	6.40483186513901e-14
MLH1	1.35791328948291e-16	7.22070391682536e-14
TPM3	8.8802766798427e-13	3.77766969960508e-10
KRT17	2.03213653832867e-12	7.20392402837512e-10
MSH6	3.12598819336874e-12	9.49853841042186e-10
ATM	6.90258654220422e-12	1.83522519690855e-09
ATP1A3	2.5160376262106e-11	5.94623558994438e-09
BRCA2	1.15055710928892e-10	2.44723497145754e-08
GLUD1	1.56514711354057e-10	3.02642537318253e-08
COPA	5.24366966944361e-10	9.29440448908879e-08
COL6A1	7.11586362423074e-10	1.16426476374914e-07
BRAF	1.14206775834256e-09	1.73512722999616e-07
LMNA	2.10562644850734e-09	2.98577830398341e-07
PTPN11	4.4481777691218e-09	5.9132963218263e-07
VCP	7.601561863436e-09	9.51089534325198e-07
GSTP1	1.92240545331725e-08	2.27164244400322e-06
DNM2	2.46027416763298e-08	2.75421218660808e-06
GNE	4.28883049672369e-08	4.56117123326564e-06
BRIP1	1.29643526137284e-07	1.31310371473335e-05
STAT1	1.51106521139683e-07	1.3974068281048e-05
WFS1	1.46972447735318e-07	1.3974068281048e-05
FLNC	2.7945277441512e-07	2.476650213254e-05
NBAS	3.53062157138322e-07	2.78134521567856e-05
FLI1	3.37119733992319e-07	2.78134521567856e-05
HSPB8	3.43847897608619e-07	2.78134521567856e-05
CSNK2A1	3.90148251445975e-07	2.9637333243771e-05
MECP2	4.11645718627785e-07	3.01920842593551e-05
FIG4	6.14192589872538e-07	4.35462546219629e-05
ZAP70	6.80815479122283e-07	4.60320118411424e-05
KRT6A	7.32530322750313e-07	4.60320118411424e-05
NFKBIA	6.99956858673633e-07	4.60320118411424e-05
KRT12	7.35819653313983e-07	4.60320118411424e-05
MTR	8.1077102206562e-07	4.68333792333242e-05
FH	8.14685017222847e-07	4.68333792333242e-05
ERCC2	8.13379493202549e-07	4.68333792333242e-05
NF1	1.05859982788385e-06	5.84368602656409e-05
KRT16	1.0714798074095e-06	5.84368602656409e-05
AHCY	1.19518311196211e-06	6.35538619785852e-05
AFF4	1.30570500066966e-06	6.77374277176672e-05
FARSB	1.47570540464841e-06	7.47339379925518e-05
STXBP1	2.0228536884904e-06	0.000100060692916723
MYH7	2.12801122377824e-06	0.000102869997113098
TAF6	2.37590554344254e-06	0.000109859806323963
WDR62	2.3254775205015e-06	0.000109859806323963
PEX1	2.58061741365779e-06	0.000116786664656385
ARMC4	3.2779321061919e-06	0.000142289012038167
MYH9	3.24410276973641e-06	0.000142289012038167
PMS2	4.06156874368924e-06	0.00017277913435654
GLE1	4.82808286800219e-06	0.00020135945608315
STAT3	5.08869706647066e-06	0.000208147281930444
BLM	6.4480099006646e-06	0.000258772019975728
SETX	8.7916540476446e-06	0.000346293484432223
HTT	9.2082901646609e-06	0.000349750592504174
MAP2K2	9.05952213260474e-06	0.000349750592504174
TGFBR1	1.11439297954071e-05	0.000415844538154927
HUWE1	1.27540825550531e-05	0.000459795484654203
IL2RG	1.26550128827554e-05	0.000459795484654203
SGPL1	1.36194546769971e-05	0.000482809668299546
MALT1	1.45933032536832e-05	0.000508851738042362
DSP	1.51989741478853e-05	0.000521422871170193
GMNN	1.63129246267966e-05	0.000550755407638038
UMPS	1.71041116556784e-05	0.000568444460806686
STIL	1.96668803994069e-05	0.000643560840146746
NDUFS3	2.0408310952084e-05	0.000657704202955797
KRT9	2.15131074968837e-05	0.000682960890236889
EPHA2	2.26312805073217e-05	0.000687667623415331
ELP2	2.21159746446882e-05	0.000687667623415331
PIK3R2	2.24179250697435e-05	0.000687667623415331
EPRS	2.38290329191337e-05	0.000712817489729864
NDUFB3	2.42500333379659e-05	0.000712817489729864
PEX5	2.44643520217584e-05	0.000712817489729864
KRT2	2.81728212093251e-05	0.000809778252868033
MAP2K1	3.02304501349789e-05	0.000857335565828002
TNFRSF1A	3.47400387649916e-05	0.000972263979646542
ACD	3.80691335208738e-05	0.00105159801297271
GJA1	4.08306800298261e-05	0.00111342123619795
POLG	4.19910130242407e-05	0.0011305681607919
WDR35	5.19777151141569e-05	0.00135047960179769
TUBA1A	5.20636235765916e-05	0.00135047960179769
SLC9A3R1	5.19009841717098e-05	0.00135047960179769
CAMK2B	5.52618716373038e-05	0.00141616868641621
MED13L	5.96157153062341e-05	0.00150955507686143
DYNC1H1	6.35211513283941e-05	0.00156496216190649
WAS	6.40111462556955e-05	0.00156496216190649
ALAS2	6.36593061087052e-05	0.00156496216190649
TBK1	7.19112538605259e-05	0.00173812769274248
FOXP1	8.75492917541545e-05	0.0020810425746071
FBN1	8.80553980792849e-05	0.0020810425746071
VHL	9.7871340999272e-05	0.00228760815720277
DKC1	9.96960252919368e-05	0.00230492875865163
SOX10	0.000101424488612877	0.0023196762073074
LAMB2	0.00013054854749782	0.00295400809072195
PIGT	0.000137088220405723	0.00306933310318919
CDK4	0.000141354483947975	0.00313188528497231
CEP120	0.000157358230279632	0.00345052531757502
SOX9	0.000180254246314817	0.00391225287664913
VPS13C	0.000205547192983081	0.0044161502977274
ATR	0.00021564843375995	0.00458684218607415
PARN	0.000219682827479948	0.00462638984207771
PRNP	0.000224590511940507	0.0046833727342888
PC	0.000233108856881542	0.00481381105424311
NSD1	0.000246404680427638	0.00503944956989987
MUT	0.00026305596641643	0.0053287622911214
HSPB1	0.000272795977104849	0.00547393437077372
ZBTB20	0.00028047196853353	0.00550402707732773
STAG1	0.000278605621465918	0.00550402707732773
ALDH3A2	0.000282058745382568	0.00550402707732773
TUBB	0.000289264327007141	0.00559332021403807
REV3L	0.000350569219784764	0.00671766423857831
NUP133	0.000393760321513393	0.0074779303915981
KLHL7	0.000399331486040107	0.00751662009563989
ATP2C1	0.000413115193913711	0.00757496566771088
NCAPD3	0.000407383741643785	0.00757496566771088
CSNK1D	0.00041088385178894	0.00757496566771088
MEN1	0.000495595689377264	0.00900967548124308
EIF2B5	0.000501799743963084	0.00904515301194474
DNMT1	0.000515741109592231	0.00921833058909811
SPTAN1	0.00053773668853404	0.00953138280426587
INSR	0.000548251339721831	0.00963744297180442
NUP93	0.000561841646880995	0.0097953867452121
KRT5	0.000567603257012307	0.00981538315174941
GLA	0.000572820847680016	0.00982572534689833
GARS	0.000583316185436009	0.00992570821137913
RBPJ	0.000597870729885142	0.0100926273211563
ATP7A	0.000639291507287124	0.0107068742992103
DNAL1	0.000665342969687082	0.0110459205511993
GFER	0.000669921838789238	0.0110459205511993
RAB7A	0.000718133315812753	0.0115152717830008
ETFDH	0.000720042852439635	0.0115152717830008
LIG4	0.000705822057279027	0.0115152717830008
SAMHD1	0.000716238647136691	0.0115152717830008
KRT10	0.000734825128646329	0.0115775781380055
NPC1	0.000734458597562612	0.0115775781380055
MYD88	0.000771031651665745	0.0119896293332083
PCCB	0.000772251630770824	0.0119896293332083
XRCC1	0.000790918931600203	0.0121904678805336
KIF5A	0.000827295318663255	0.0126594039050125
YARS	0.000878067211086846	0.0133403496998694
TUBB2A	0.000947526287967518	0.014145187129786
MYO1E	0.000939863424560417	0.014145187129786
SMC1A	0.000950992834771693	0.014145187129786
IFT140	0.000959360381998503	0.0141705523091029
EGFR	0.00100618517941554	0.0147596957008059
WWOX	0.00102949956605601	0.0149982573767201
AMACR	0.00107097940086056	0.015391710713719
ERCC6	0.00106659923270247	0.015391710713719
PSAT1	0.00110233252899827	0.0157359818065727
DNAJC13	0.00113110139810222	0.0158279781168646
EPG5	0.00111781555734797	0.0158279781168646
AKT2	0.00112374735571632	0.0158279781168646
CDCA7	0.0011833303928964	0.0164506127169323
DNAJB11	0.00122799318159051	0.0169113215305874
CCDC88C	0.00123484578869034	0.0169113215305874
THOC2	0.001240322594627	0.0169113215305874
H3F3A	0.00127317419854283	0.0172486721038255
GPD2	0.00137059329171692	0.0183678401183422
ABCD1	0.00137305433888877	0.0183678401183422
LARS2	0.00139459624411707	0.0185394138202312
NF2	0.00141317929458653	0.018669766208606
FUK	0.00145885056953888	0.0191541676630197
TMEM173	0.00150679332848616	0.0196622663171169
HSPA9	0.00156110448719921	0.0202467636845898
TAF13	0.00157652276126606	0.0203228115952298
MYO9A	0.00177807112832915	0.0227828752406995
EIF2AK3	0.00183238015882674	0.0233381592684101
CIT	0.0018502555362976	0.023425556700625
QARS	0.00190453862951419	0.0239507711053983
MET	0.00191426003193122	0.0239507711053983
RNASEH2C	0.00193727076347698	0.0240969293211434
ZFP30	0.00195032593369696	0.0241182747731013
SDHB	0.00202729698393434	0.0247819579587835
NUP214	0.00201823529825231	0.0247819579587835
ACTB	0.00223157275334269	0.0271231728363423
UBR4	0.00224615834883531	0.0271453341362086
PHC1	0.00240651941783368	0.0285959039202919
BCL11B	0.00240562403014359	0.0285959039202919
MCM3AP	0.00240389335463993	0.0285959039202919
CALM1	0.00245703996630106	0.0288736133056484
ACO2	0.00244575057894941	0.0288736133056484
NPRL2	0.00257490580749912	0.0296044575813547
LPL	0.00257378382411207	0.0296044575813547
LRP5	0.00255003514964499	0.0296044575813547
PIGN	0.00257230989565799	0.0296044575813547
CHD3	0.00262371315287122	0.0300034294417047
BAZ1A	0.00267191930635279	0.0303912960674459
VPS13D	0.00271009700777755	0.0306615762528875
RAD50	0.00280245531386076	0.0313727497504307
NUP205	0.00279854141920099	0.0313727497504307
GNPTAB	0.00288568328663596	0.032135331678925
KIF14	0.00297034275721417	0.0329058283572632
SBDS	0.00307225505618663	0.0338584792979739
UBTF	0.00316256442829369	0.0346740955617561
COL1A1	0.00319519723589499	0.0348522283115315
USP11	0.0033767118329384	0.0366442146360203
CHD1	0.00344431711918304	0.0371734112171194
TRIM32	0.00346043038128333	0.0371734112171194
HDAC4	0.00351318917440695	0.0375505194671536
TARDBP	0.00370242650181827	0.0389854513335023
EXOSC8	0.00367255039912902	0.0389854513335023
MCM5	0.00369045351406254	0.0389854513335023
PRKCB	0.00377157880418378	0.0391324298365799
FTO	0.00373509909952258	0.0391324298365799
MIB1	0.00376377912947566	0.0391324298365799
ANKS6	0.00380786206496173	0.0393171000590952
PLEKHM1	0.00385947538629775	0.039503883450616
PTRH2	0.00386309720626617	0.039503883450616
GBA	0.00395138130855918	0.0397807120222509
MYL3	0.00393598165932167	0.0397807120222509
PSMB8	0.00395990208806778	0.0397807120222509
IKZF1	0.00396497928947681	0.0397807120222509
EHMT1	0.00407286536209508	0.0406712893200763
POLE	0.00422000158240592	0.0419436605877448
IFIH1	0.00432842897763368	0.042821248536869
IQCB1	0.00437581667638114	0.0430896392160309
MRPS22	0.00453201289043568	0.0440163991687521
VPS33B	0.00451300104783854	0.0440163991687521
MED12	0.00449859434912637	0.0440163991687521
CLPX	0.00455983441044221	0.0440853081409572
SRP72	0.00469655884829794	0.0452017224901798
SOX11	0.00478174009981663	0.0458142396049998
ACTL6A	0.00489762346741043	0.0467141036555246
MKKS	0.00498379150587842	0.0473237702366223
ERCC1	0.00504161178411739	0.0476600367325231
HNRNPH2	0.00507457755357126	0.0477594090993189
STX7	0.00515556516697388	0.0483078727319535
KRT71	0.00522783831698957	0.0485572580796368
RNF213	0.00520866163876362	0.0485572580796368
POC1A	0.00533333327145722	0.0493217385582152
CALM2	0.0054026185150077	0.0495317654371611
AGK	0.00539390040223875	0.0495317654371611
MXRA8	0.00558700703499269	0.0508449262238232
BBS1	0.00559365902039239	0.0508449262238232
EIF2B4	0.00568862543920926	0.0514881119540344
LMNB2	0.00577960875470358	0.0520899483951462
ARHGDIA	0.00582976769860904	0.0523203202318203
LCK	0.00592517292962628	0.0527315599218205
PIP5K1C	0.00590289106450479	0.0527315599218205
YWHAG	0.0060701555566776	0.0537808252298397
RPL18	0.00609364310314592	0.0537808252298397
CASP8	0.00614119736393951	0.0539765569962782
RPS6KA3	0.00629673538974999	0.0551158690287993
NCAPH	0.00642472234913391	0.0557770793330932
UPF3B	0.00642472233716535	0.0557770793330932
NUP88	0.00646854890859134	0.0559292826364787
OSMR	0.00655876210307959	0.0564797044261146
SMAD4	0.0065933547796196	0.056548651678431
SLC29A1	0.0067921676250434	0.0580198415199491
ADAR	0.00687136487516981	0.0581800166823071
PRKCD	0.00694022743372774	0.0581800166823071
PHIP	0.00692582886444551	0.0581800166823071
MDH2	0.00689754109329413	0.0581800166823071
TSC2	0.00694768417362765	0.0581800166823071
CHAF1B	0.0070533985160729	0.0588128922232145
TRMU	0.00707856154637655	0.0588128922232145
GNAL	0.0071190734188217	0.0589193352600535
JAKMIP1	0.00720220112742909	0.0593762860389212
CHD4	0.00741810462229539	0.0609201101607039
FANCE	0.00754224569525592	0.0617013715146513
BIN1	0.0077284660864501	0.0617986743078171
SGOL1	0.00771168667397169	0.0617986743078171
CTBP1	0.00763818346129899	0.0617986743078171
ARPC1B	0.00768703544156142	0.0617986743078171
EEF2	0.00769318393314306	0.0617986743078171
COX6B1	0.00765624994205706	0.0617986743078171
IDH3B	0.00788858507390729	0.0628427732292165
RFXANK	0.00796812740682396	0.0632395783369946
FASTKD1	0.00802422415127064	0.0634480474711994
MAPKAPK3	0.00815522281214308	0.0641943872899015
TBCD	0.00817897459123803	0.0641943872899015
EZH2	0.00823837929646561	0.064422914571994
BMPR1B	0.00827154501704081	0.0644453342536476
TPRKB	0.0085084825146962	0.0660494244845212
ISCU	0.00854381025230251	0.0660824887514452
BCKDHA	0.00888747438802392	0.0684915145772713
TRIP12	0.00897250357200197	0.0688971664175025
CLTC	0.00903408551690193	0.0691205032174475
ALG8	0.009102848629846	0.0693969857909765
SLC25A20	0.00927661986870311	0.0704691802168983
RAB3GAP2	0.00932899905211005	0.0705785349781851
PDE8B	0.00935737981375092	0.0705785349781851
SARS	0.00940980924876535	0.0707231953078583
PHYKPL	0.00985952270330093	0.0735831747014774
MYO7A	0.00984173354473769	0.0735831747014774
DNMT3A	0.0100850669815251	0.0743416493386845
CA2	0.0100677867133426	0.0743416493386845
PTEN	0.0101708603467594	0.0743416493386845
CRADD	0.0101701331706931	0.0743416493386845
ACTC1	0.0101017336343137	0.0743416493386845
CBX2	0.0100872092732705	0.0743416493386845
EIF3F	0.0102456800112921	0.0746320595343092
ATAD3A	0.0103028113574172	0.0747920810826842
ZMPSTE24	0.0103522916798488	0.0748956612348245
C10orf2	0.010499427328406	0.0757026506017614
ZGRF1	0.0109497471901022	0.0778933520847736
DNAJC21	0.0109257333450743	0.0778933520847736
HEXB	0.0108825901203637	0.0778933520847736
RHBDF2	0.0109486780609781	0.0778933520847736
ACTN1	0.0110800801872445	0.0782967792633527
CYLD	0.0110599329064225	0.0782967792633527
LBR	0.0112564612256321	0.0792797782348329
RPL35	0.0114818944647842	0.080600625500317
KIT	0.0115251031820435	0.0806378107506796
ATP1A1	0.0115745267841392	0.0806816104675221
KIF1A	0.0116307642984942	0.0806816104675221
PURA	0.0116451595738266	0.0806816104675221
NBN	0.0118001866788424	0.0814902502139536
GLRB	0.0120495212258722	0.0829428208654695
SMARCC2	0.0122319973294914	0.0839272849026713
DARS2	0.0122988225082048	0.0841144549033811
PPP3CA	0.0124516628803227	0.084522245256874
RAB23	0.0124254299300809	0.084522245256874
AR	0.0124776610299287	0.084522245256874
ITPA	0.0126727959653767	0.0855715460900196
CUL3	0.01311236313614	0.0878832318159322
POGLUT1	0.0131158273152793	0.0878832318159322
MED24	0.0131391009485033	0.0878832318159322
NDUFB9	0.0133325209658148	0.0886196002946504
DHX37	0.0133127967239627	0.0886196002946504
IKBKAP	0.0134566860837254	0.0888893518636144
WBP2	0.0134212904929339	0.0888893518636144
GALE	0.0137383459183733	0.0901896968159875
AP2S1	0.0137268765494589	0.0901896968159875
TPM2	0.013791085509522	0.0902573503961637
DCAF8	0.0139017128286896	0.090326780427132
AARS	0.0139290944899386	0.090326780427132
SOD1	0.0138495436138107	0.090326780427132
MAD2L2	0.0142140260722983	0.0916158589569043
HSPD1	0.01419366929593	0.0916158589569043
SMARCA2	0.014345684647012	0.092185109499077
CDT1	0.0145790696243151	0.0934026538883078
STAMBP	0.0150123151410622	0.0958894723875055
L1CAM	0.0150731827744642	0.0959899992852854
DIABLO	0.0152368052606858	0.0964544253882498
RAB39B	0.0152368062672553	0.0964544253882498
TKT	0.0153514720525151	0.0966898478393177
PRPF6	0.0153649123505827	0.0966898478393177
SUCLA2	0.01556606968352	0.0976667558019084
KIF5C	0.0158600097661278	0.0989273922948792
P3H2	0.0158487316392889	0.0989273922948792
RPS29	0.0161389112231122	0.100372702256023
C15orf41	0.0164588443069776	0.102064028690791
GNAI3	0.0165796006220036	0.102513984078493
ZNF644	0.0167608046746612	0.102738419432289
PIK3R1	0.016746675754765	0.102738419432289
ACTG1	0.0166816014483355	0.102738419432289
ALDH18A1	0.0168335824445011	0.102888016837511
EML1	0.0173172750691689	0.105541100493187
CPOX	0.0176234836269578	0.106795298218061
RNASEH2A	0.0176105127426351	0.106795298218061
CACNA1A	0.0179766993668767	0.108626248731099
ANLN	0.0182279301085104	0.109612875288083
KRT14	0.0182430455345469	0.109612875288083
PRKD1	0.0183299745648543	0.10982494619562
AKR1C2	0.0185533285723156	0.110577423322937
MYH6	0.0185595393165437	0.110577423322937
SPTLC1	0.0187769776872372	0.111560423298194
WARS	0.0188419911370969	0.111634861138176
NEFL	0.0189642014015024	0.111813404897676
FGFR1	0.0189772633606306	0.111813404897676
VAMP1	0.0190724298422452	0.112063696890761
PNKD	0.0192167806988585	0.112600805913146
GDAP1	0.0195696002559337	0.114353131165854
STXBP2	0.0196632867189721	0.114585783154119
AKT3	0.0198887309144422	0.115582870642127
CARS2	0.0200351868737644	0.116116737004078
NSMCE3	0.0200956931208857	0.11615092192425
ALG13	0.0204132506939307	0.117666623918674
EPHB4	0.0210389921178539	0.12094577360723
DDB2	0.021136723830359	0.121180085140629
EMC1	0.0213272727821644	0.121943841956085
POLR3A	0.0215318930147254	0.122783743813193
FLNA	0.0216942561630143	0.123378831173078
EXOSC2	0.0220382374289916	0.125000882697241
AFG3L2	0.0223114493712872	0.12587918517965
PDHA1	0.0222636188654165	0.12587918517965
ARF1	0.0224013920035014	0.126048933370151
DYNC2H1	0.022460059119552	0.126048933370151
P4HA2	0.0233515212497839	0.13070706762708
SPTBN2	0.0234625986854152	0.13098411392094
SCO1	0.023637489622161	0.131271384925161
DYRK1A	0.0236087673934292	0.131271384925161
CCT5	0.0239306384208079	0.132219704295634
WDR34	0.0239947371218217	0.132219704295634
BBS4	0.0239551509250364	0.132219704295634
SLC27A4	0.0243327376154229	0.133735743948332
TFG	0.0246052374676937	0.134106602916487
PIBF1	0.024592781772137	0.134106602916487
VRK1	0.0244780073345348	0.134106602916487
TLK2	0.0247778242609852	0.134106602916487
GSPT2	0.024778511963413	0.134106602916487
ATRX	0.0246866608067956	0.134106602916487
CPS1	0.0254570452629419	0.137429277345882
MSN	0.0256127807461439	0.137919961131768
SNAP29	0.025793431380615	0.138541991279213
BBS9	0.0260390369296053	0.139508895590102
IFT122	0.026216391828915	0.139905700974118
KRT18	0.0262446519457796	0.139905700974118
ZC4H2	0.0264920666024723	0.140871564158646
CENPJ	0.0267305838104488	0.14178541587238
RAB11B	0.0269110106458027	0.142387362297568
COG2	0.0271198016704658	0.143136025193749
ZMYND11	0.0272862161887496	0.143657875825422
BICD2	0.0274558614424382	0.143838958837601
SLC4A11	0.027433453664964	0.143838958837601
PRKRA	0.0279389992282324	0.144238475589229
C5orf42	0.027687273535798	0.144238475589229
GALT	0.0277777486376372	0.144238475589229
TALDO1	0.0279190564827057	0.144238475589229
CYB5A	0.0279389995029442	0.144238475589229
TGFB1	0.0278380414705079	0.144238475589229
MTO1	0.028087088273837	0.144651904984144
ERF	0.0284350036148694	0.146089982340163
KRT74	0.0285114487387948	0.146129762572088
MEF2C	0.0289072436844642	0.147802181050133
AP4M1	0.0296016908722151	0.150989919628781
PSEN2	0.0298676996827499	0.151982290012462
WDR36	0.0300519633397571	0.152554954710414
ACAD8	0.030199837071454	0.152686158151574
SMCHD1	0.0302213787408615	0.152686158151574
IRF2BPL	0.0305301275195339	0.1538805242513
NDUFB11	0.0307961935430278	0.154854618595792
GRIN2D	0.0309787812773998	0.15540534853073
CLUAP1	0.0314063546484152	0.157179567852186
OPA1	0.0317092572055451	0.157288543365052
PUF60	0.0316802085596303	0.157288543365052
TRAF7	0.0317088025056599	0.157288543365052
RBFOX1	0.031723923414954	0.157288543365052
PCSK9	0.0324440543353799	0.159741906415169
CTH	0.0324171456724364	0.159741906415169
XIAP	0.0324171456724364	0.159741906415169
CD59	0.0326262239987927	0.160267848603769
ETV6	0.0334905596993767	0.164134609402245
UHMK1	0.0338436818132171	0.16510441455492
BCS1L	0.033843688173928	0.16510441455492
WDR19	0.0342759960381681	0.166449871171652
PAM16	0.0342652524136216	0.166449871171652
ELAC2	0.0349783025220717	0.169473461194639
PPA2	0.0351514812393676	0.169925455900306
PADI3	0.0355244200861246	0.170951225165582
SMARCB1	0.0354513668939105	0.170951225165582
TP53RK	0.0358470112365529	0.172114205192208
FLNB	0.0361639821433089	0.173245022564906
IMPDH1	0.0368591676384468	0.176178538352756
MTHFR	0.0372084566902823	0.177449299058813
ITGB2	0.0374959122142426	0.178420146039584
EIF2B2	0.0376619696772763	0.178810289070461
CALM3	0.0378641842004094	0.179292915641593
RUNX1	0.0379322106434964	0.179292915641593
MAPK1	0.0384953531311678	0.181551255232802
APTX	0.0388511970912515	0.182623448668531
TSC1	0.0388944157248916	0.182623448668531
DNMT3B	0.0392166588702481	0.183730910610171
MYPN	0.0398941543751009	0.186494211771076
NDUFV1	0.0402635934213883	0.187808471945818
CLPP	0.0403735120857747	0.187909103296374
PHF6	0.0405269974716744	0.18821162362937
BMPR1A	0.0408623105154038	0.189355412780531
RPL5	0.0416361336102621	0.192047435160869
AKT1	0.0416007611752674	0.192047435160869
KARS	0.0417141114453791	0.192047435160869
PYGL	0.0427029589803692	0.196175364473532
KDM1A	0.0432075606759072	0.198065693012187
FMR1	0.0436355573610298	0.199597484961097
FDXR	0.0437419278368847	0.199654679203978
TMEM67	0.0441469407860657	0.201071826663729
ASL	0.0442425888123207	0.201076894025227
KATNB1	0.0447266128088099	0.202843295190487
CLN5	0.0452502320250646	0.204754588120724
MPI	0.0453405787516977	0.204754588120724
ACTA2	0.045707352675498	0.205104512955241
RB1	0.0455335260459919	0.205104512955241
G6PD	0.0456411989040123	0.205104512955241
SLC1A3	0.0465063065294297	0.208250345238099
VARS	0.0470798202978503	0.210375583557831
BRF1	0.0471832501798182	0.210395750801831
SGCB	0.048528097286256	0.215939880602231
RPSA	0.0487200670472939	0.216341508579529
CBS	0.0488627145127933	0.216522903684815
RAB33B	0.0493676884431574	0.218305765735127
UCHL1	0.0494941448555182	0.218410884040845
AGRN	1	1
B3GALT6	1	1
GNB1	1	1
SKI	1	1
PEX10	1	1
PRDM16	1	1
NPHP4	1	1
CAMTA1	1	1
PER3	1	1
PARK7	1	1
SLC45A1	1	1
RERE	1	1
H6PD	1	1
PIK3CD	1	1
NMNAT1	1	1
MTOR	1	1
UBIAD1	1	1
PLOD1	1	1
ATP13A2	1	1
ARHGEF10L	1	1
ALDH4A1	1	1
PINK1	1	1
DDOST	1	1
ECE1	1	1
HSPG2	1	1
HMGCL	1	1
LDLRAP1	1	1
SLC30A2	1	1
DHDDS	1	1
ARID1A	1	1
PIGV	1	1
SLC9A1	1	1
AHDC1	1	1
EPB41	1	1
MECR	1	1
PUM1	1	1
HDAC1	1	1
HPCA	1	1
AK2	1	1
GJB3	1	1
ADPRHL2	1	1
TRAPPC3	1	1
CSF3R	1	1
SNIP1	1	1
TRIT1	1	1
PPT1	1	1
PPCS	1	1
SLC2A1	1	1
MPL	1	1
SLC6A9	1	1
EIF2B3	1	1
UROD	1	1
MUTYH	1	1
TOE1	1	1
POMGNT1	1	1
RAD54L	1	1
ORC1	1	1
COA7	1	1
CPT2	1	1
PARS2	1	1
DHCR24	1	1
TACSTD2	1	1
MYSM1	1	1
NFIA	1	1
ALG6	1	1
PGM1	1	1
ROR1	1	1
JAK1	1	1
DNAJC6	1	1
LEPR	1	1
SLC35D1	1	1
ACADM	1	1
NEXN	1	1
HFM1	1	1
BRDT	1	1
GFI1	1	1
ALG14	1	1
DPYD	1	1
AGL	1	1
SLC35A3	1	1
SASS6	1	1
DBT	1	1
COL11A1	1	1
RNPC3	1	1
SLC25A24	1	1
GPSM2	1	1
CELSR2	1	1
GNAT2	1	1
AMPD2	1	1
SLC6A17	1	1
SLC16A1	1	1
AP4B1	1	1
NRAS	1	1
WARS2	1	1
PHGDH	1	1
HMGCS2	1	1
SF3B4	1	1
VPS45	1	1
PRPF3	1	1
TARS2	1	1
PRUNE	1	1
ZNF687	1	1
RFX5	1	1
SELENBP1	1	1
POGZ	1	1
RORC	1	1
SNAPIN	1	1
FLAD1	1	1
PKLR	1	1
FDPS	1	1
MSTO1	1	1
RIT1	1	1
SEMA4A	1	1
APOA1BP	1	1
SPTA1	1	1
KCNJ10	1	1
ATP1A2	1	1
UFC1	1	1
NDUFS2	1	1
SDHC	1	1
ATF6	1	1
PBX1	1	1
CD247	1	1
DCAF6	1	1
SLC19A2	1	1
PIGC	1	1
XPR1	1	1
CACNA1E	1	1
GLUL	1	1
RNASEL	1	1
NMNAT2	1	1
EDEM3	1	1
PLA2G4A	1	1
CDC73	1	1
ASPM	1	1
DDX59	1	1
UBE2T	1	1
KDM5B	1	1
SNRPE	1	1
DSTYK	1	1
CD55	1	1
CD46	1	1
PLXNA2	1	1
IRF6	1	1
HHAT	1	1
FLVCR1	1	1
RPS6KC1	1	1
USH2A	1	1
TGFB2	1	1
IARS2	1	1
WDR26	1	1
EPHX1	1	1
PYCR2	1	1
ADCK3	1	1
ACTA1	1	1
AGT	1	1
ARV1	1	1
GNPAT	1	1
SPRTN	1	1
EGLN1	1	1
COA6	1	1
IRF2BP2	1	1
TBCE	1	1
LYST	1	1
ACTN2	1	1
COX20	1	1
HNRNPU	1	1
TPO	1	1
PXDN	1	1
TRAPPC12	1	1
RNASEH1	1	1
KLF11	1	1
MYCN	1	1
APOB	1	1
ITSN2	1	1
HADHA	1	1
HADHB	1	1
OTOF	1	1
AGBL5	1	1
CAD	1	1
MPV17	1	1
ZNF513	1	1
IFT172	1	1
PPP1CB	1	1
ALK	1	1
SPAST	1	1
CYP1B1	1	1
SOS1	1	1
DYNC2LI1	1	1
LRPPRC	1	1
SIX3	1	1
EPAS1	1	1
CRIPT	1	1
MCFD2	1	1
TTC7A	1	1
EPCAM	1	1
FBXO11	1	1
CLHC1	1	1
PNPT1	1	1
EFEMP1	1	1
BCL11A	1	1
PEX13	1	1
SLC1A4	1	1
ANTXR1	1	1
GFPT1	1	1
TIA1	1	1
ATP6V1B1	1	1
DYSF	1	1
CYP26B1	1	1
SPR	1	1
CCT7	1	1
ACTG2	1	1
DGUOK	1	1
DCTN1	1	1
MOGS	1	1
HTRA2	1	1
SUCLG1	1	1
GGCX	1	1
POLR1A	1	1
REEP1	1	1
RPIA	1	1
TMEM127	1	1
SNRNP200	1	1
LMAN2L	1	1
CNNM4	1	1
VWA3B	1	1
COA5	1	1
LIPT1	1	1
MAP4K4	1	1
RANBP2	1	1
NPHP1	1	1
CKAP2L	1	1
ERCC3	1	1
LIMS2	1	1
TUBA3E	1	1
CCDC115	1	1
RAB3GAP1	1	1
DARS	1	1
HNMT	1	1
KYNU	1	1
ZEB2	1	1
ORC4	1	1
MMADHC	1	1
NEB	1	1
ACVR1	1	1
TBR1	1	1
TTC21B	1	1
LRP2	1	1
BBS5	1	1
KLHL41	1	1
GAD1	1	1
SLC25A12	1	1
ZAK	1	1
CHN1	1	1
HOXD13	1	1
HOXD10	1	1
NFE2L2	1	1
AGPS	1	1
TTN	1	1
SLC40A1	1	1
HIBCH	1	1
GLS	1	1
HECW2	1	1
SATB2	1	1
CASP10	1	1
BMPR2	1	1
NDUFS1	1	1
PIKFYVE	1	1
ERBB4	1	1
ATIC	1	1
FN1	1	1
SMARCAL1	1	1
PRKAG3	1	1
NHEJ1	1	1
ABCB6	1	1
TUBA4A	1	1
DES	1	1
GMPPA	1	1
EPHA4	1	1
MRPL44	1	1
IRS1	1	1
COL4A4	1	1
COL4A3	1	1
ARMC9	1	1
DIS3L2	1	1
MLPH	1	1
PER2	1	1
TWIST2	1	1
NDUFA10	1	1
D2HGDH	1	1
TRNT1	1	1
CRBN	1	1
SUMF1	1	1
SETD5	1	1
BRPF1	1	1
RPUSD3	1	1
JAGN1	1	1
CRELD1	1	1
PPARG	1	1
TSEN2	1	1
RAF1	1	1
TMEM43	1	1
XPC	1	1
COLQ	1	1
BTD	1	1
TOP2B	1	1
NGLY1	1	1
TGFBR2	1	1
GPD1L	1	1
GLB1	1	1
CRTAP	1	1
PLCD1	1	1
ACVR2B	1	1
SCN5A	1	1
SCN10A	1	1
CTNNB1	1	1
TRAK1	1	1
POMGNT2	1	1
ANO10	1	1
ABHD5	1	1
LZTFL1	1	1
FYCO1	1	1
PTH1R	1	1
NBEAL2	1	1
SETD2	1	1
PTPN23	1	1
DHX30	1	1
USP19	1	1
DAG1	1	1
GMPPB	1	1
TRAIP	1	1
GNAT1	1	1
ZMYND10	1	1
ACY1	1	1
GLYCTK	1	1
DNAH1	1	1
BAP1	1	1
TNNC1	1	1
RFT1	1	1
WNT5A	1	1
APPL1	1	1
PDHB	1	1
PRICKLE2	1	1
SLC25A26	1	1
GBE1	1	1
CHMP2B	1	1
ARL13B	1	1
ARL6	1	1
TRMT10C	1	1
ZBTB11	1	1
CEP97	1	1
PVRL3	1	1
CD96	1	1
ATP6V1A	1	1
ADCY5	1	1
MCM2	1	1
SEC61A1	1	1
GATA2	1	1
ACAD9	1	1
MRPL3	1	1
UBA5	1	1
NPHP3	1	1
DZIP1L	1	1
FOXL2	1	1
COPB2	1	1
PLOD2	1	1
AGTR1	1	1
GYG1	1	1
HPS3	1	1
CP	1	1
RNF13	1	1
SLC33A1	1	1
GFM1	1	1
IFT80	1	1
PLD1	1	1
TBL1XR1	1	1
PIK3CA	1	1
GNB4	1	1
CCDC39	1	1
SOX2	1	1
MCCC1	1	1
KLHL24	1	1
ALG3	1	1
CLCN2	1	1
EHHADH	1	1
LIPH	1	1
AHSG	1	1
TNK2	1	1
TFRC	1	1
PCYT1A	1	1
RUBCN	1	1
PIGG	1	1
PDE6B	1	1
UVSSA	1	1
FGFR3	1	1
SH3BP2	1	1
ADD1	1	1
MSX1	1	1
EVC	1	1
TAPT1	1	1
QDPR	1	1
SEPSECS	1	1
UGDH	1	1
GUF1	1	1
GABRB1	1	1
PDGFRA	1	1
TMEM165	1	1
SLC4A4	1	1
ALB	1	1
ANTXR2	1	1
HNRNPDL	1	1
WDFY3	1	1
PKD2	1	1
ABCG2	1	1
SNCA	1	1
PDHA2	1	1
SLC39A8	1	1
MANBA	1	1
CISD2	1	1
CENPE	1	1
TBCK	1	1
HADH	1	1
SEC24D	1	1
EXOSC9	1	1
BBS7	1	1
KIAA1109	1	1
BBS12	1	1
SPATA5	1	1
FAT4	1	1
MMAA	1	1
LRBA	1	1
GATB	1	1
TRIM2	1	1
GUCY1A3	1	1
MSMO1	1	1
TLL1	1	1
NEK1	1	1
HPGD	1	1
AGA	1	1
TENM3	1	1
TRAPPC11	1	1
PRIMPOL	1	1
SLC25A4	1	1
UFSP2	1	1
CYP4V2	1	1
SDHA	1	1
SLC6A3	1	1
NDUFS6	1	1
DNAH5	1	1
TRIO	1	1
OTULIN	1	1
ANKH	1	1
NIPBL	1	1
NUP155	1	1
LIFR	1	1
C9	1	1
OXCT1	1	1
NNT	1	1
MOCS2	1	1
CCNO	1	1
MAP3K1	1	1
PDE4D	1	1
ERCC8	1	1
NDUFAF2	1	1
ZSWIM6	1	1
OCLN	1	1
SMN1	1	1
SMN2	1	1
MCCC2	1	1
GFM2	1	1
AP3B1	1	1
DHFR	1	1
RPS23	1	1
XRCC4	1	1
NR2F1	1	1
SLC25A46	1	1
EPB41L4A	1	1
APC	1	1
TRIM36	1	1
HSD17B4	1	1
ALDH7A1	1	1
FBN2	1	1
HINT1	1	1
LYRM7	1	1
SLC22A5	1	1
UQCRQ	1	1
PPP2CA	1	1
SAR1B	1	1
PITX1	1	1
TGFBI	1	1
REEP2	1	1
CTNNA1	1	1
SIL1	1	1
MATR3	1	1
NDUFA2	1	1
HARS	1	1
HARS2	1	1
HDAC3	1	1
SPRY4	1	1
NR3C1	1	1
LARS	1	1
SLC26A2	1	1
CSF1R	1	1
PDGFRB	1	1
CAMK2A	1	1
TCOF1	1	1
GM2A	1	1
SPARC	1	1
ITK	1	1
CYFIP2	1	1
TTC1	1	1
GABRG2	1	1
RARS	1	1
DOCK2	1	1
SH3PXD2B	1	1
ERGIC1	1	1
MSX2	1	1
DDX41	1	1
B4GALT7	1	1
NHP2	1	1
SQSTM1	1	1
FOXC1	1	1
RIPK1	1	1
TUBB2B	1	1
LYRM4	1	1
FARS2	1	1
TFAP2A	1	1
GCNT2	1	1
HIVEP1	1	1
TPMT	1	1
SOX4	1	1
ALDH5A1	1	1
HFE	1	1
VARS2	1	1
NEU1	1	1
CFB	1	1
SKIV2L	1	1
PSMB9	1	1
SYNGAP1	1	1
LEMD2	1	1
RPS10	1	1
CNPY3	1	1
PEX6	1	1
PPP2R5D	1	1
CUL7	1	1
POLR1C	1	1
POLH	1	1
AARS2	1	1
RUNX2	1	1
PLA2G7	1	1
TFAP2B	1	1
EFHC1	1	1
ICK	1	1
ELOVL5	1	1
GCLC	1	1
DST	1	1
RIMS1	1	1
SLC17A5	1	1
COL12A1	1	1
ELOVL4	1	1
BCKDHB	1	1
FAM46A	1	1
PGM3	1	1
NT5E	1	1
SNX14	1	1
ZNF292	1	1
SLC35A1	1	1
RARS2	1	1
BACH2	1	1
MAP3K7	1	1
NDUFAF4	1	1
FBXL4	1	1
USP45	1	1
ATG5	1	1
RTN4IP1	1	1
QRSL1	1	1
PDSS2	1	1
ZBTB24	1	1
WISP3	1	1
DSE	1	1
NUS1	1	1
LAMA2	1	1
ARG1	1	1
MED23	1	1
AHI1	1	1
PEX7	1	1
IFNGR1	1	1
REPS1	1	1
ADGRG6	1	1
PEX3	1	1
STX11	1	1
EPM2A	1	1
TAB2	1	1
RMND1	1	1
ESR1	1	1
SYNE1	1	1
ARID1B	1	1
GTF2H5	1	1
SOD2	1	1
PARK2	1	1
PDE10A	1	1
RNASET2	1	1
ERMARD	1	1
DNAAF5	1	1
BRAT1	1	1
CARD11	1	1
AP5Z1	1	1
RAC1	1	1
TWIST1	1	1
DNAH11	1	1
FAM126A	1	1
CYCS	1	1
HNRNPA2B1	1	1
SNX10	1	1
HOXA13	1	1
RP9	1	1
TBX20	1	1
RALA	1	1
CDK13	1	1
SUGCT	1	1
GLI3	1	1
PGAM2	1	1
CCM2	1	1
PSPH	1	1
CHCHD2	1	1
GUSB	1	1
GTF2IRD1	1	1
POR	1	1
ZP3	1	1
CD36	1	1
SEMA3E	1	1
ABCB4	1	1
ABCB1	1	1
KRIT1	1	1
RBM48	1	1
CDK6	1	1
SAMD9	1	1
SAMD9L	1	1
SGCE	1	1
SLC25A13	1	1
DLX5	1	1
ASNS	1	1
TFR2	1	1
ACTL6B	1	1
PLOD3	1	1
PMPCB	1	1
PUS7	1	1
COG5	1	1
DLD	1	1
LAMB1	1	1
FOXP2	1	1
TSPAN12	1	1
AASS	1	1
RBM28	1	1
EXOC4	1	1
BPGM	1	1
AKR1D1	1	1
ATP6V0A4	1	1
PRSS1	1	1
TPK1	1	1
KCNH2	1	1
NOS3	1	1
PRKAG2	1	1
MNX1	1	1
DNAJB6	1	1
WDR60	1	1
MCPH1	1	1
BLK	1	1
VPS37A	1	1
ASAH1	1	1
ATP6V1B2	1	1
HR	1	1
SFTPC	1	1
BMP1	1	1
SLC39A14	1	1
RHOBTB2	1	1
DPYSL2	1	1
ESCO2	1	1
EXTL3	1	1
GTF2E2	1	1
WRN	1	1
TTI2	1	1
ERLIN2	1	1
PROSC	1	1
ASH2L	1	1
DDHD2	1	1
IKBKB	1	1
SLC20A2	1	1
THAP1	1	1
RNF170	1	1
POMK	1	1
IMPAD1	1	1
CA8	1	1
CHD7	1	1
ASPH	1	1
CYP7B1	1	1
PREX2	1	1
EYA1	1	1
PEX2	1	1
OTUD6B	1	1
ESRP1	1	1
NDUFAF6	1	1
PTDSS1	1	1
POP1	1	1
VPS13B	1	1
SPAG1	1	1
RRM2B	1	1
FZD6	1	1
SLC25A32	1	1
RAD21	1	1
EXT1	1	1
TAF2	1	1
KIAA0196	1	1
OPLAH	1	1
GPAA1	1	1
CYC1	1	1
SLC52A2	1	1
RECQL4	1	1
DOCK8	1	1
KANK1	1	1
VLDLR	1	1
SLC1A1	1	1
JAK2	1	1
GLDC	1	1
MPDZ	1	1
NFIB	1	1
FREM1	1	1
PLAA	1	1
DDX58	1	1
SIGMAR1	1	1
PIGO	1	1
GBA2	1	1
NPR2	1	1
GRHPR	1	1
EXOSC3	1	1
PRKACG	1	1
FXN	1	1
TJP2	1	1
VPS13A	1	1
HNRNPK	1	1
AGTPBP1	1	1
CDK20	1	1
SECISBP2	1	1
ROR2	1	1
IARS	1	1
FANCC	1	1
PTCH1	1	1
NANS	1	1
GABBR2	1	1
ALG2	1	1
INVS	1	1
ALDOB	1	1
PRPF4	1	1
ALAD	1	1
C5	1	1
GSN	1	1
NR5A1	1	1
LRSAM1	1	1
AK1	1	1
COQ4	1	1
SET	1	1
TOR1A	1	1
ASS1	1	1
ABL1	1	1
LAMC3	1	1
POMT1	1	1
SURF1	1	1
COL5A1	1	1
MRPS2	1	1
CARD9	1	1
PMPCA	1	1
INPP5E	1	1
NOTCH1	1	1
AGPAT2	1	1
MAN1B1	1	1
TUBB4B	1	1
CACNA1B	1	1
TUBB8	1	1
GATA3	1	1
OPTN	1	1
PHYH	1	1
DCLRE1C	1	1
ITGA8	1	1
VIM	1	1
ARHGAP21	1	1
PDSS1	1	1
YME1L1	1	1
RAB18	1	1
SVIL	1	1
MTPAP	1	1
ZEB1	1	1
KIF5B	1	1
PARD3	1	1
BMS1	1	1
RET	1	1
PGBD3	1	1
ERCC6-PGBD3	1	1
OGDHL	1	1
TFAM	1	1
DNA2	1	1
STOX1	1	1
HK1	1	1
PCBD1	1	1
PSAP	1	1
CHST3	1	1
ASCC1	1	1
CAMK2G	1	1
VCL	1	1
ADK	1	1
RPS24	1	1
ANXA11	1	1
MAT1A	1	1
LDB3	1	1
MINPP1	1	1
PAPSS2	1	1
FAS	1	1
LIPA	1	1
KIF11	1	1
LGI1	1	1
HELLS	1	1
TCTN3	1	1
ZFYVE27	1	1
COX15	1	1
ABCC2	1	1
ERLIN1	1	1
NDUFB8	1	1
HPS6	1	1
NFKB2	1	1
SUFU	1	1
ARL3	1	1
CNNM2	1	1
INA	1	1
OBFC1	1	1
COL17A1	1	1
ADD3	1	1
MXI1	1	1
SMC3	1	1
SHOC2	1	1
NHLRC2	1	1
BAG3	1	1
WDR11	1	1
HTRA1	1	1
ACADSB	1	1
OAT	1	1
UROS	1	1
ECHS1	1	1
HRAS	1	1
IRF7	1	1
DEAF1	1	1
SLC25A22	1	1
PNPLA2	1	1
CTSD	1	1
PGAP2	1	1
STIM1	1	1
DENND5A	1	1
SBF2	1	1
AMPD3	1	1
TEAD1	1	1
FAR1	1	1
CYP2R1	1	1
ABCC8	1	1
HPS5	1	1
ANO5	1	1
FANCF	1	1
ARL14EP	1	1
PAX6	1	1
TRIM44	1	1
RAG1	1	1
RAG2	1	1
EXT2	1	1
LRP4	1	1
NR1H3	1	1
CLP1	1	1
FAM111B	1	1
TMEM138	1	1
SDHAF2	1	1
MYRF	1	1
INCENP	1	1
TUT1	1	1
B3GAT3	1	1
GANAB	1	1
UQCC3	1	1
ATL3	1	1
RASGRP2	1	1
PYGM	1	1
CAPN1	1	1
DPF2	1	1
SCYL1	1	1
RELA	1	1
BANF1	1	1
PACS1	1	1
CTSF	1	1
AIP	1	1
NDUFS8	1	1
TCIRG1	1	1
KMT5B	1	1
CPT1A	1	1
IGHMBP2	1	1
FADD	1	1
DHCR7	1	1
INPPL1	1	1
CLPB	1	1
RELT	1	1
SERPINH1	1	1
CAPN5	1	1
PAK1	1	1
NARS2	1	1
TMEM126B	1	1
EED	1	1
C11orf73	1	1
CTSC	1	1
MED17	1	1
MRE11A	1	1
MMP20	1	1
GRIA4	1	1
ACAT1	1	1
RDX	1	1
ALG9	1	1
CRYAB	1	1
DLAT	1	1
PTS	1	1
ZBTB16	1	1
APOC3	1	1
APOA1	1	1
CEP164	1	1
CD3G	1	1
KMT2A	1	1
SLC37A4	1	1
HMBS	1	1
DPAGT1	1	1
CBL	1	1
SC5D	1	1
CLMP	1	1
ROBO3	1	1
STT3A	1	1
HYLS1	1	1
FOXRED1	1	1
DCPS	1	1
ST14	1	1
JAM3	1	1
CCND2	1	1
C12orf4	1	1
NDUFA9	1	1
VWF	1	1
SCNN1A	1	1
CD4	1	1
GNB3	1	1
ATN1	1	1
C12orf57	1	1
LRP6	1	1
CDKN1B	1	1
PDE3A	1	1
PYROXD1	1	1
GYS2	1	1
SOX5	1	1
KRAS	1	1
ITPR2	1	1
DDX11	1	1
DNM1L	1	1
YARS2	1	1
PKP2	1	1
KIF21A	1	1
LRRK2	1	1
PRICKLE1	1	1
IRAK4	1	1
VDR	1	1
PFKM	1	1
ADCY6	1	1
KMT2D	1	1
AQP2	1	1
COX14	1	1
KRT81	1	1
KRT86	1	1
KRT83	1	1
KRT85	1	1
KRT6B	1	1
KRT6C	1	1
KRT1	1	1
KRT3	1	1
KRT8	1	1
AAAS	1	1
SP7	1	1
HNRNPA1	1	1
SUOX	1	1
RPS26	1	1
LRP1	1	1
MARS	1	1
B4GALNT1	1	1
TSFM	1	1
SRGAP1	1	1
LEMD3	1	1
NUP107	1	1
BBS10	1	1
SYT1	1	1
CEP290	1	1
KITLG	1	1
DUSP6	1	1
POC1B	1	1
CEP83	1	1
SLC25A3	1	1
KIAA1033	1	1
POLR3B	1	1
UNG	1	1
UBE3B	1	1
MVK	1	1
TRPV4	1	1
IFT81	1	1
ATP2A2	1	1
CUX2	1	1
SH2B3	1	1
ALDH2	1	1
ACADS	1	1
KDM2B	1	1
ORAI1	1	1
HPD	1	1
VPS33A	1	1
RSRC2	1	1
EIF2B1	1	1
PUS1	1	1
P2RX2	1	1
ANKLE2	1	1
GJA3	1	1
GJB2	1	1
SACS	1	1
MIPEP	1	1
RPL21	1	1
POLR1D	1	1
B3GLCT	1	1
SMAD9	1	1
UFM1	1	1
COG6	1	1
SLC25A15	1	1
VWA8	1	1
NUDT15	1	1
ITM2B	1	1
RCBTB1	1	1
RNASEH2B	1	1
ATP7B	1	1
ALG11	1	1
TBC1D4	1	1
FBXL3	1	1
SLITRK5	1	1
TGDS	1	1
ZIC2	1	1
PCCA	1	1
ERCC5	1	1
MYO16	1	1
CARKD	1	1
RASA3	1	1
OSGEP	1	1
PNP	1	1
RPGRIP1	1	1
CHD8	1	1
OXA1L	1	1
MMP14	1	1
SLC7A8	1	1
PABPN1	1	1
TINF2	1	1
TGM1	1	1
AP4S1	1	1
CFL2	1	1
SRP54	1	1
NKX2-1	1	1
PAX9	1	1
SEC23A	1	1
MGAT2	1	1
SOS2	1	1
L2HGDH	1	1
ATL1	1	1
NIN	1	1
BMP4	1	1
GCH1	1	1
KIAA0586	1	1
SIX6	1	1
SIX1	1	1
TRMT5	1	1
MTHFD1	1	1
SPTB	1	1
MAX	1	1
FUT8	1	1
GPHN	1	1
PIGH	1	1
RDH12	1	1
SMOC1	1	1
PSEN1	1	1
COQ6	1	1
ALDH6A1	1	1
ABCD4	1	1
NPC2	1	1
MLH3	1	1
NEK9	1	1
FLVCR2	1	1
TTLL5	1	1
TGFB3	1	1
IFT43	1	1
VIPAS39	1	1
SPTLC2	1	1
TSHR	1	1
SPATA7	1	1
TTC8	1	1
TDP1	1	1
TRIP11	1	1
SLC24A4	1	1
DICER1	1	1
YY1	1	1
INF2	1	1
MKRN3	1	1
UBE3A	1	1
GABRB3	1	1
HERC2	1	1
FAN1	1	1
SLC12A6	1	1
SPRED1	1	1
EIF2AK4	1	1
BUB1B	1	1
IVD	1	1
CHST14	1	1
CASC5	1	1
RAD51	1	1
INO80	1	1
MAPKBP1	1	1
UBR1	1	1
PDIA3	1	1
SPG11	1	1
B2M	1	1
DMXL2	1	1
GNB5	1	1
MYO5A	1	1
RAB27A	1	1
DYX1C1	1	1
TCF12	1	1
ADAM10	1	1
SLTM	1	1
TPM1	1	1
CA12	1	1
HERC1	1	1
PPIB	1	1
TRIP4	1	1
SPG21	1	1
SMAD6	1	1
SMAD3	1	1
PIAS1	1	1
KIF23	1	1
HEXA	1	1
STRA6	1	1
EDC3	1	1
ETFA	1	1
SCAPER	1	1
PSTPIP1	1	1
MTHFS	1	1
FAH	1	1
EFTUD1	1	1
WDR73	1	1
KIF7	1	1
IDH2	1	1
CHD2	1	1
NR2F2	1	1
IGF1R	1	1
LINS1	1	1
ALDH1A3	1	1
STUB1	1	1
CACNA1H	1	1
CLCN7	1	1
TELO2	1	1
MRPS34	1	1
ABCA3	1	1
TBC1D24	1	1
THOC6	1	1
CREBBP	1	1
GLIS2	1	1
UBN1	1	1
ALG1	1	1
PMM2	1	1
GRIN2A	1	1
LITAF	1	1
ERCC4	1	1
MYH11	1	1
XYLT1	1	1
COQ7	1	1
UQCRC2	1	1
COG7	1	1
EARS2	1	1
PALB2	1	1
IL4R	1	1
CLN3	1	1
TUFM	1	1
ATP2A1	1	1
KIF22	1	1
ALDOA	1	1
CORO1A	1	1
PHKG2	1	1
HSD3B7	1	1
STX1B	1	1
BCKDK	1	1
FUS	1	1
ARMC5	1	1
VPS35	1	1
ORC6	1	1
GPT2	1	1
NOD2	1	1
RPGRIP1L	1	1
GNAO1	1	1
BBS2	1	1
SLC12A3	1	1
RSPRY1	1	1
ARL2BP	1	1
ADGRG1	1	1
HSF4	1	1
CTCF	1	1
RLTPR	1	1
THAP11	1	1
PRMT7	1	1
CDH3	1	1
CDH1	1	1
NQO1	1	1
PDPR	1	1
COG4	1	1
MTSS1L	1	1
VAC14	1	1
HYDIN	1	1
DHODH	1	1
DHX38	1	1
ZFHX3	1	1
RFWD3	1	1
FA2H	1	1
TMEM231	1	1
GAN	1	1
PLCG2	1	1
MBTPS1	1	1
IRF8	1	1
FOXF1	1	1
CA5A	1	1
CYBA	1	1
MVD	1	1
PIEZO1	1	1
APRT	1	1
TRAPPC2L	1	1
ACSF3	1	1
CDH15	1	1
ANKRD11	1	1
SPG7	1	1
CHMP1A	1	1
CDK10	1	1
FANCA	1	1
TUBB3	1	1
GEMIN4	1	1
INPP5K	1	1
PRPF8	1	1
WDR81	1	1
SERPINF2	1	1
DPH1	1	1
PAFAH1B1	1	1
TAX1BP3	1	1
PFN1	1	1
ENO3	1	1
KIF1C	1	1
C1QBP	1	1
NLRP1	1	1
AIPL1	1	1
ACADVL	1	1
CHRNB1	1	1
MPDU1	1	1
TP53	1	1
WRAP53	1	1
ALOXE3	1	1
CTC1	1	1
PIK3R5	1	1
MYH8	1	1
MYH2	1	1
MYH3	1	1
DNAH9	1	1
COX10	1	1
TTC19	1	1
NCOR1	1	1
FLCN	1	1
RAI1	1	1
MYO15A	1	1
TOP3A	1	1
B9D1	1	1
MAPK7	1	1
TMEM199	1	1
SLC46A1	1	1
UNC119	1	1
PIGS	1	1
NEK8	1	1
ERAL1	1	1
TMEM98	1	1
RAD51D	1	1
ZNHIT3	1	1
PIGW	1	1
GPR179	1	1
PCGF2	1	1
THRA	1	1
CDC6	1	1
SMARCE1	1	1
JUP	1	1
FKBP10	1	1
STAT5B	1	1
NAGLU	1	1
COASY	1	1
TUBG1	1	1
CNTNAP1	1	1
WNK4	1	1
COA3	1	1
NAGS	1	1
SLC4A1	1	1
GRN	1	1
EFTUD2	1	1
CCDC103	1	1
GOSR2	1	1
ITGB3	1	1
PNPO	1	1
HOXB13	1	1
DLX3	1	1
XYLT2	1	1
DGKE	1	1
MKS1	1	1
RAD51C	1	1
TRIM37	1	1
TBX2	1	1
MED13	1	1
CYB561	1	1
STRADA	1	1
CD79B	1	1
POLG2	1	1
RGS9	1	1
AXIN2	1	1
HELZ	1	1
ARSG	1	1
PRKAR1A	1	1
KCNJ2	1	1
NUP85	1	1
MRPS7	1	1
SLC25A19	1	1
TSEN54	1	1
ITGB4	1	1
GALK1	1	1
UNC13D	1	1
ACOX1	1	1
SEPT9	1	1
CANT1	1	1
GAA	1	1
EIF4A3	1	1
CARD14	1	1
SGSH	1	1
ARL16	1	1
P4HB	1	1
PYCR1	1	1
LPIN2	1	1
TGIF1	1	1
LAMA1	1	1
PIEZO2	1	1
TUBB6	1	1
GREB1L	1	1
RBBP8	1	1
CDH2	1	1
DSC2	1	1
DSG4	1	1
DSG2	1	1
RNF125	1	1
ASXL3	1	1
DTNA	1	1
MAPRE2	1	1
MOCOS	1	1
SETBP1	1	1
ATP5A1	1	1
IER3IP1	1	1
SMAD2	1	1
DYM	1	1
MYO5B	1	1
TCF4	1	1
FECH	1	1
NEDD4L	1	1
LMAN1	1	1
KDSR	1	1
SERPINB8	1	1
RTTN	1	1
ATP5D	1	1
NDUFS7	1	1
GAMT	1	1
ADAT3	1	1
GNA11	1	1
GIPC3	1	1
LONP1	1	1
MLLT1	1	1
TUBB4A	1	1
C3	1	1
MCOLN1	1	1
PNPLA6	1	1
PET100	1	1
RPS28	1	1
SMARCA4	1	1
LDLR	1	1
KANK2	1	1
DOCK6	1	1
ACP5	1	1
MAN2B1	1	1
MAST1	1	1
KLF1	1	1
GCDH	1	1
NACC1	1	1
MRI1	1	1
TECR	1	1
ADGRE2	1	1
NOTCH3	1	1
BRD4	1	1
CYP4F22	1	1
CYP4F2	1	1
GTPBP3	1	1
PLVAP	1	1
COLGALT1	1	1
JAK3	1	1
CERS1	1	1
NDUFA13	1	1
SLC7A9	1	1
PEPD	1	1
GPI	1	1
KMT2B	1	1
PSENEN	1	1
SPINT2	1	1
RYR1	1	1
ACTN4	1	1
SARS2	1	1
PLEKHG2	1	1
TIMM50	1	1
DYRK1B	1	1
SPTBN4	1	1
ADCK4	1	1
SNRPA	1	1
RPS19	1	1
ZNF526	1	1
ETHE1	1	1
KCNN4	1	1
APOE	1	1
CD3EAP	1	1
SIX5	1	1
FKRP	1	1
FTL	1	1
TRPM4	1	1
MED25	1	1
PNKP	1	1
NUP62	1	1
MYH14	1	1
POLD1	1	1
ETFB	1	1
PPP2R1A	1	1
PRKCG	1	1
PRPF31	1	1
TSEN34	1	1
NLRP7	1	1
DNAAF3	1	1
AURKC	1	1
RBCK1	1	1
PANK2	1	1
PCNA	1	1
MCM8	1	1
FERMT1	1	1
PLCB1	1	1
PLCB4	1	1
SNAP25	1	1
JAG1	1	1
SPTLC3	1	1
NDUFAF5	1	1
FLRT3	1	1
MGME1	1	1
CSRP2BP	1	1
SEC23B	1	1
PAX1	1	1
THBD	1	1
ABHD12	1	1
GINS1	1	1
MYLK2	1	1
SNTA1	1	1
CHMP4B	1	1
GSS	1	1
EPB41L1	1	1
AAR2	1	1
SRC	1	1
TTI1	1	1
RALGAPB	1	1
MAFB	1	1
TOP1	1	1
IFT52	1	1
JPH2	1	1
HNF4A	1	1
ADA	1	1
CTSA	1	1
SLC2A10	1	1
DPM1	1	1
CYP24A1	1	1
PCK1	1	1
VAPB	1	1
GNAS	1	1
TUBB1	1	1
ATP5E	1	1
CDH4	1	1
LAMA5	1	1
KCNQ2	1	1
EEF1A2	1	1
RTEL1	1	1
DNAJC5	1	1
APP	1	1
SYNJ1	1	1
IFNGR2	1	1
DONSON	1	1
ITSN1	1	1
CBR3	1	1
HLCS	1	1
PIGP	1	1
TMPRSS3	1	1
WDR4	1	1
SIK1	1	1
CSTB	1	1
C21orf2	1	1
COL6A2	1	1
LSS	1	1
PCNT	1	1
IL17RA	1	1
CECR1	1	1
ATP6V1E1	1	1
SLC25A1	1	1
CDC45	1	1
TBX1	1	1
COMT	1	1
PI4KA	1	1
LZTR1	1	1
SPECC1L	1	1
CHEK2	1	1
MORC2	1	1
FBXO7	1	1
IFT27	1	1
CSF2RB	1	1
KCTD17	1	1
RAC2	1	1
TRIOBP	1	1
PLA2G6	1	1
ADSL	1	1
XPNPEP3	1	1
EP300	1	1
NAGA	1	1
NDUFA6	1	1
TCF20	1	1
CYB5R3	1	1
FBLN1	1	1
MLC1	1	1
TUBGCP6	1	1
SCO2	1	1
CSF2RA	1	1
NLGN4X	1	1
STS	1	1
MID1	1	1
HCCS	1	1
MSL3	1	1
TRAPPC2	1	1
OFD1	1	1
FANCB	1	1
PIGA	1	1
CDKL5	1	1
PHKA2	1	1
MBTPS2	1	1
SMS	1	1
KLHL15	1	1
EIF2S3	1	1
PDK3	1	1
DMD	1	1
XK	1	1
CYBB	1	1
BCOR	1	1
DDX3X	1	1
MAOA	1	1
KDM6A	1	1
SLC9A7	1	1
RP2	1	1
UBA1	1	1
FTSJ1	1	1
PORCN	1	1
EBP	1	1
PQBP1	1	1
WDR45	1	1
CCDC22	1	1
FOXP3	1	1
USP27X	1	1
CLCN5	1	1
KDM5C	1	1
HSD17B10	1	1
PHF8	1	1
TSR2	1	1
FGD1	1	1
MAGED2	1	1
UBQLN2	1	1
LAS1L	1	1
OPHN1	1	1
EFNB1	1	1
DLG3	1	1
GJB1	1	1
NONO	1	1
TAF1	1	1
OGT	1	1
HDAC8	1	1
PHKA1	1	1
RLIM	1	1
ABCB7	1	1
MAGT1	1	1
PGK1	1	1
BRWD3	1	1
POU3F4	1	1
ZNF711	1	1
CHM	1	1
TIMM8A	1	1
BTK	1	1
PRPS1	1	1
MID2	1	1
COL4A6	1	1
ACSL4	1	1
AMMECR1	1	1
PAK3	1	1
AMOT	1	1
UBE2A	1	1
NDUFA1	1	1
GLUD2	1	1
STAG2	1	1
SH2D1A	1	1
OCRL	1	1
ZDHHC9	1	1
AIFM1	1	1
FRMD7	1	1
GPC3	1	1
HPRT1	1	1
ATP11C	1	1
MTM1	1	1
NSDHL	1	1
ATP2B3	1	1
SLC6A8	1	1
NAA10	1	1
HCFC1	1	1
EMD	1	1
RPL10	1	1
TAZ	1	1
ATP6AP1	1	1
GDI1	1	1
PLXNA3	1	1
LAGE3	1	1
IKBKG	1	1
CLIC2	1	1
TBL1Y	1	1
