gene,p,fdr
PRRC2A,9.69060214142844e-13,4.22413347344866e-09
CIC,1.59434219855049e-09,3.47486882174079e-06
YBX3,3.83314981163114e-08,5.56956667630004e-05
HRNR,1.06737005766169e-07,0.000116316652033682
MTHFD1,3.49329257240995e-07,0.000304545246462699
LMNA,1.66363883906905e-06,0.00113170797143238
HSPBP1,2.07124381333551e-06,0.00113170797143238
WDR33,2.07700476518904e-06,0.00113170797143238
DSP,3.10373168766842e-06,0.00150324071406074
HNRNPA1L2,4.19701525031888e-06,0.001829478947614
FLNB,4.75221733995961e-06,0.00188317412589854
LSM14A,7.89643331739949e-06,0.00282501096254686
PABPN1,9.07321713137325e-06,0.00282501096254686
SAFB2,8.79199420820867e-06,0.00282501096254686
FBXO41,1.21513104458612e-05,0.00331229113043839
PUS7,1.21579853376954e-05,0.00331229113043839
TPR,1.42377766352613e-05,0.00338674708491424
EIF4G2,1.47621460457377e-05,0.00338674708491424
THRAP3,1.33830299601334e-05,0.00338674708491424
XRCC5,2.92605938203731e-05,0.00637734642315032
ANKHD1,3.72682190075057e-05,0.00773581745970082
LETM1,3.93215042482928e-05,0.00779101986446855
SF3B2,5.21673585160339e-05,0.00988684851179965
TKT,6.36844884545031e-05,0.0104319233076047
MCM4,6.57163655193578e-05,0.0104319233076047
EP300,6.85230245807639e-05,0.0104319233076047
MEPCE,6.15503612081198e-05,0.0104319233076047
TIMELESS,6.82199068645245e-05,0.0104319233076047
PRRC2B,6.94025638725707e-05,0.0104319233076047
RERE,8.47470444220772e-05,0.0123137455545278
UFM1,0.000113884840280529,0.0155132505869633
RAI1,0.000113360239244013,0.0155132505869633
RPS2,0.000147432761524398,0.019474527499541
RNF40,0.000154680504765837,0.0198309505963025
MYH10,0.000162764395253523,0.0202711428260031
DDT,0.000170462187964776,0.0206401299260683
ANXA2,0.000191213336279638,0.0225269981849444
NOLC1,0.000243018176019031,0.025312248930772
TRIP6,0.000231179512951563,0.025312248930772
SUPT16H,0.000234148580312557,0.025312248930772
HNRNPA3,0.000243889528582799,0.025312248930772
ABHD15,0.000239066990901272,0.025312248930772
EIF4H,0.000253606750214158,0.0257086470740352
ERC1,0.000295713335197517,0.0290301682219929
HSPA2,0.000299692032573912,0.0290301682219929
CDC42EP1,0.000309142086685483,0.0292945729535222
RBM39,0.00032303186858581,0.0293353315659488
AHNAK2,0.000319037678774835,0.0293353315659488
RANGAP1,0.000343086646579431,0.0299102938487948
ASS1,0.000338218193816919,0.0299102938487948
FARSA,0.000360735928243521,0.0302393829079521
ZNF638,0.000356027524374061,0.0302393829079521
FUBP3,0.000393047298637105,0.0320731579685994
KDM6A,0.000397327490319882,0.0320731579685994
ATP6V1B2,0.000419658729259278,0.0332598618334762
ATXN2L,0.000480965310557325,0.0374379962271318
POLB,0.000494395022531612,0.0378082088283385
RBM12,0.00052061648140156,0.0391270214211965
GMIP,0.000544924036733253,0.0402597267139025
KIF2C,0.000576083560546623,0.0415119314384915
RPRD2,0.000580919435133743,0.0415119314384915
MAVS,0.000621245885375341,0.0434216698511545
PPP1R7,0.0006275671485714,0.0434216698511545
MDC1,0.000639814513349501,0.0435773666201637
KIN,0.000664857685518851,0.0445863792488719
RPP38,0.000687123800801359,0.0453637521403705
HIST1H1C,0.000697263453407851,0.0453637521403705
CHD2,0.00077707641648128,0.049812883815322
PRKG2,0.000805566495348542,0.0503206515704907
FLNA,0.000808085710010174,0.0503206515704907
FARP2,0.000875950474556106,0.0532912593666894
ATP6V1D,0.000892466605590348,0.0532912593666894
RPS6,0.000890859541337028,0.0532912593666894
CTPS1,0.000970004170454128,0.0563766423867939
HK1,0.000965903246634361,0.0563766423867939
EIF3A,0.00102900214114794,0.0589822192908907
ADNP,0.00104189742725363,0.0589822192908907
MYO9A,0.001082062737116,0.0596798043640435
ZNF407,0.00107641310122914,0.0596798043640435
SCFD1,0.00110333683112679,0.0596798043640435
KMT2D,0.00110898466471382,0.0596798043640435
NUMA1,0.00112339233217821,0.0597178923898147
SAFB,0.0011694606851523,0.0607874566638923
DFFA,0.00119929370798228,0.0607874566638923
CDK5RAP3,0.00119756450160986,0.0607874566638923
RAD54L2,0.0011823363628379,0.0607874566638923
RPLP1,0.00124581025694126,0.0624193897701946
EIF4E2,0.00128682948012134,0.0634299151808051
BUB1B,0.00129508200300336,0.0634299151808051
ETFA,0.00131654329046515,0.063764580034862
ZNF829,0.00136440334553492,0.0651498141469684
EIF2B4,0.00138998227016932,0.0651498141469684
CDC73,0.00138610716421156,0.0651498141469684
EHBP1L1,0.00152537960476396,0.0661307925507155
CYP51A1,0.00149315246986229,0.0661307925507155
HIVEP3,0.00146199798217078,0.0661307925507155
ARPC5,0.00153481514501075,0.0661307925507155
BAIAP2L1,0.00157779362818867,0.0661307925507155
AKAP8L,0.00149949448311834,0.0661307925507155
PPIL2,0.00143962055097358,0.0661307925507155
ACTN4,0.00157173458428334,0.0661307925507155
POLR1A,0.00152818272310938,0.0661307925507155
FAM160A2,0.00149212604847927,0.0661307925507155
TRIM28,0.00156916524057858,0.0661307925507155
FAM133B,0.00166474169860054,0.069110562516188
EIF4G1,0.00170488753511633,0.0701094789204911
CEP164,0.00174253743736678,0.0709880438269325
NFIC,0.00178349115275968,0.0719836845822171
PLEKHG4,0.00182474773630693,0.0729731686473569
SND1,0.00184293210377577,0.073030373094169
RNF213,0.00189236922820455,0.0742356742401636
QARS,0.00190740892748298,0.0742356742401636
TBC1D10A,0.0019558548037285,0.0754475317650668
SLC25A46,0.00200632706622396,0.0767156112427214
C19orf71,0.00204523376056901,0.0768549479510372
TRIM29,0.00203257726302415,0.0768549479510372
TSEN54,0.00211601009788655,0.0783431888425796
CCT3,0.00212078373099894,0.0783431888425796
TROAP,0.00214427177585478,0.0785452157222772
RCN1,0.00217257099512388,0.0789186413978749
SASH1,0.00223566994666557,0.0798793876845511
TNRC18,0.00222284010811479,0.0798793876845511
GANAB,0.00225510319956987,0.0799186572920736
C11orf57,0.00228248378318751,0.0802366678299546
WIZ,0.00233350134043688,0.081373858743715
ACY1,0.00235422737002933,0.0814450563964908
NKRF,0.0024303606017673,0.0823311638824009
MAP1B,0.00243650381757966,0.0823311638824009
CDC42BPB,0.00242852245906782,0.0823311638824009
MRTO4,0.00247228113193502,0.082897488108498
SNX5,0.00256353363994076,0.0846548722462257
FTSJ3,0.0025456183389895,0.0846548722462257
GIGYF1,0.00259623366256009,0.0850900942488681
LAMC1,0.00265923641567013,0.0865045637007919
TUBB3,0.00271397627948319,0.0876312785353128
MLLT6,0.0028436219318283,0.0897736272612626
TRRAP,0.0028632493117218,0.0897736272612626
DPYS,0.00281586192375388,0.0897736272612626
SUGP2,0.00282469785961821,0.0897736272612626
MTG1,0.00288330071497517,0.0897736272612626
TES,0.00294200807964635,0.090951866802684
ZYX,0.00301403708591203,0.0921467544113756
UNC13B,0.00302293780243788,0.0921467544113756
APEX1,0.00307857238390977,0.0925482553204322
EN2,0.00307085434054182,0.0925482553204322
COPRS,0.00310456805986834,0.0926904943353841
SNX6,0.00329769583926181,0.0974780913057884
DLST,0.00331793287379235,0.0974780913057884
ZC3H18,0.00333201092098244,0.0974780913057884
SHROOM2,0.00336478319126965,0.0977805995382959
TDRD3,0.00346663625980566,0.10007329441386
POLD1,0.00355942683398048,0.100752843162498
PARD3B,0.003618428741087,0.100752843162498
PER1,0.00369495634988841,0.100752843162498
SLC9A3R1,0.00361989013959897,0.100752843162498
SSBP3,0.00367345797580728,0.100752843162498
PELP1,0.00361835181870182,0.100752843162498
ATIC,0.003518083034424,0.100752843162498
ERMARD,0.00369820025372784,0.100752843162498
PLEKHA6,0.00368428417290191,0.100752843162498
PLBD2,0.00388716740394656,0.105243246669584
N4BP2L1,0.00394874019544128,0.106250361184744
NDUFV1,0.00402342709343561,0.107595820247152
CDK12,0.00405412703516637,0.107755730160306
PARP4,0.00410471084154503,0.107785750351173
ANKK1,0.00409245875992912,0.107785750351173
SYTL4,0.00415231415580981,0.10818681417237
FKBP10,0.00416962256961646,0.10818681417237
ALYREF,0.0042530669230524,0.108813767489405
TKFC,0.004268674980658,0.108813767489405
HABP4,0.00423476037103061,0.108813767489405
NFATC2IP,0.00433978924890143,0.10998337986024
SPTLC2,0.00439588154541875,0.110124411818852
MVB12A,0.00437652682901769,0.110124411818852
BARHL2,0.00445255525932903,0.110906790716659
RCOR3,0.0046059149784646,0.113151383229844
SPATS2L,0.00457576781990093,0.113151383229844
CKMT1A,0.00462054283434554,0.113151383229844
RCC1,0.00466246752678149,0.113540200833746
RPUSD3,0.00478378371506186,0.115847295633081
PPAT,0.00490308282338989,0.118080320592025
ZDHHC8,0.00498780192209815,0.118818725497411
KLHDC3,0.00498826032714527,0.118818725497411
RPRD1B,0.00515319094737212,0.120767523331156
RBFOX3,0.00512704940638815,0.120767523331156
EIF2S2,0.00513471397081583,0.120767523331156
ANKRD26,0.00523537174060286,0.121388220304723
TARDBP,0.00522611573499935,0.121388220304723
THUMPD1,0.00527090848818169,0.121565556084571
HOXA10,0.00535778554771677,0.122918880013144
PTPN1,0.00542433497261252,0.123794115945644
PCK2,0.00557229641230556,0.124562256724307
C6orf132,0.00551655511833779,0.124562256724307
MRPL54,0.00550351377198531,0.124562256724307
CDC37L1,0.00557078576032925,0.124562256724307
ACTN1,0.00565726194855621,0.125816351192635
CAPZA1,0.00582394161366033,0.127570660773595
PABPC1,0.00580369736715692,0.127570660773595
APBA3,0.00577016169385745,0.127570660773595
ZC3H13,0.00599206212048638,0.130596993916001
HNRNPUL1,0.00605753656347975,0.131367173533374
RB1,0.00627845157534738,0.134816603039109
TMEM184B,0.00625034836227403,0.134816603039109
LDHAL6A,0.00631721169135551,0.134983949816758
DDI2,0.0064615514376846,0.137394647399352
GTF2I,0.00659243736539041,0.138858443812432
RBM42,0.00659410366349473,0.138858443812432
PPIP5K2,0.00664940249084006,0.139349737776788
HIPK1,0.00680887668905982,0.139999497583074
RFX5,0.00674217788716249,0.139999497583074
ALDH16A1,0.00678605159700288,0.139999497583074
ATP5A1,0.00677580792014675,0.139999497583074
PEPD,0.00684537069335119,0.140089065034356
GEMIN7,0.00708802884232971,0.141977113240219
DNM2,0.00715870965161951,0.141977113240219
RIBC1,0.00712087266560274,0.141977113240219
CLTC,0.00708549323307719,0.141977113240219
PARP1,0.00708981489951137,0.141977113240219
HNRNPM,0.00716873837121833,0.141977113240219
INA,0.0070849440989024,0.141977113240219
TBL3,0.00719819729894206,0.141977113240219
GDI2,0.00742552977662839,0.145618552551963
P4HB,0.00748135060902813,0.145618552551963
EIF5AL1,0.00748303642386777,0.145618552551963
STXBP2,0.00755377589355616,0.146341818311161
IL16,0.00771350544757808,0.146593922608276
LILRB4,0.00763179462132729,0.146593922608276
NEK1,0.00766514940612022,0.146593922608276
NME2,0.00766988456770559,0.146593922608276
PSMB2,0.00773493971092075,0.146593922608276
ARHGAP32,0.00793119439576805,0.148690775679807
GNL3,0.00794791253346982,0.148690775679807
PSMC2,0.00791449465505117,0.148690775679807
CTDNEP1,0.00829664682635969,0.153893972408944
FXR2,0.0082850978819424,0.153893972408944
OPA1,0.00842414268268592,0.15494024453092
C19orf43,0.00840336129698973,0.15494024453092
AUTS2,0.00850458069753123,0.155762467481255
SH3TC1,0.00862179575210171,0.157248567713018
POLDIP3,0.00875097586876884,0.158939599216514
BAG4,0.00910799904710816,0.164737625918442
ZNF394,0.00917057317284631,0.165184001902632
USP22,0.00921559488341699,0.165311844019813
UBASH3A,0.00926792287041465,0.165569163082531
ELAVL1,0.00933683293226575,0.166119407149985
CHTOP,0.00964667399562519,0.170242315574616
CSNK2B,0.00964470239029841,0.170242315574616
DTX2,0.00979037617902207,0.17206617903031
SYDE1,0.00982896962113954,0.17206617903031
PLAA,0.00996378141877294,0.172864992397151
EBNA1BP2,0.00996753656121119,0.172864992397151
POLR2B,0.00999357148063364,0.172864992397151
HIST1H3D,0.0100500995565199,0.173155667853242
GDE1,0.0101515882468708,0.174215642394134
NAPRT,0.0102908123261914,0.175912356587719
PAAF1,0.0104468164276347,0.177466645119921
CHMP7,0.0104631630639642,0.177466645119921
PGM2L1,0.0105208070056887,0.177752704410066
ZIM2,0.0106726309160134,0.17962161452858
NDUFA2,0.0109656195617006,0.182439449120049
DMXL1,0.0109147191430869,0.182439449120049
RHBDF2,0.0109601540860671,0.182439449120049
GPBP1L1,0.0110298233269117,0.18280988548292
UBR3,0.011160960797021,0.184282682250813
RBM14,0.011325746096972,0.185635033956264
TP53,0.0113280383189645,0.185635033956264
PIR,0.0115698559161675,0.187483278582059
DNAJC7,0.0115314744082311,0.187483278582059
ANKS6,0.0115692601611722,0.187483278582059
ACIN1,0.0116303346891108,0.187765292258645
SETD2,0.0117787011906879,0.189458887417743
FAM195A,0.0119509905007262,0.191523410267153
TCERG1,0.0120281939905836,0.192054569981515
POLR3G,0.0122078934895901,0.193506209894993
RGS12,0.0121948887179373,0.193506209894993
GRB2,0.0123398457458013,0.194185514822917
GREB1,0.0123351226299688,0.194185514822917
PDPR,0.0124068550606872,0.194537702192574
GTSE1,0.0126961183672263,0.197651357009783
RBM25,0.012683706235115,0.197651357009783
MRPL23,0.0127716447386272,0.198119570874292
FLG,0.0128367257141707,0.198423004922234
TRAPPC1,0.0130532572126247,0.201057060741453
DNAH1,0.0133288097889519,0.203860638140496
HNRNPA2B1,0.0133253823771352,0.203860638140496
MTDH,0.0134118804356727,0.204413939926914
NCOA2,0.0135790847388828,0.206241220825053
STARD13,0.0141404340240976,0.213074855692306
RPS21,0.0141742557284014,0.213074855692306
KRT1,0.014175661424815,0.213074855692306
DDX31,0.0143194486173392,0.213819130382266
GTPBP2,0.0143865540051985,0.213819130382266
RPL17,0.0144213866328025,0.213819130382266
AASDHPPT,0.0143298688558901,0.213819130382266
KIF5A,0.0145503384654928,0.214999747020621
CCBL2,0.0146822798785058,0.215933611189389
VPS51,0.014712613563489,0.215933611189389
SIPA1,0.0148025808129629,0.216524999207065
PHF6,0.0148660495024232,0.216579292756046
MIA3,0.0149056636446005,0.216579292756046
HECA,0.0152403472770779,0.219975740995968
KIDINS220,0.0152180186325273,0.219975740995968
DECR1,0.0153570258664342,0.220613003644533
HIST1H2AJ,0.0153857199146451,0.220613003644533
EIF4EBP1,0.015441803726182,0.220691221122712
GTPBP4,0.015656557011447,0.222302710139732
PRKAR1A,0.0156231521941086,0.222302710139732
APC,0.0160243300645559,0.225387107989602
LRP4,0.0160562471103865,0.225387107989602
ZNF319,0.0160806126599601,0.225387107989602
PCNP,0.0159273383928913,0.225387107989602
ARID1B,0.0161486061856604,0.225614661420813
NCKAP1,0.016262795803252,0.226484111521967
CGN,0.0165237678100787,0.22938568115966
TJP2,0.0166488377970182,0.230039039939272
SLC30A3,0.0166763791284262,0.230039039939272
PDK2,0.0168005341264845,0.230116546926497
SAP130,0.0168403712937721,0.230116546926497
IFT74,0.0167866883791707,0.230116546926497
ALDOA,0.0169973120502873,0.231535260085007
MCAT,0.0171107590487299,0.232354513063594
GTPBP1,0.0172234758337742,0.233158792420564
FARSB,0.0172808733104547,0.233211537957499
PCNA,0.0174457526783196,0.234709987422208
CLASP2,0.0175074583281688,0.234815418007654
EHMT1,0.017907817419793,0.238908634790794
PDIA3,0.0179222582189928,0.238908634790794
MTMR1,0.0181626450448977,0.240027319066897
NEFH,0.018253352694178,0.240027319066897
MYO5A,0.0182389929396008,0.240027319066897
EIF3CL,0.0182815026222092,0.240027319066897
FAM50A,0.0181676337973844,0.240027319066897
NOP10,0.0183440073706269,0.240124709094783
TUBA1B,0.0184285931472319,0.240509693199952
RAB1B,0.0187510499430161,0.242539545108627
TMEM214,0.0187243758098129,0.242539545108627
PPP1R13B,0.0186625817254007,0.242539545108627
BTF3,0.0189832109958783,0.243424785709666
HIST1H2AD,0.0189870215969916,0.243424785709666
ODF3L2,0.0188764414480599,0.243424785709666
RGAG1,0.0190566563082967,0.243601069935089
SNRPN,0.0193560741702819,0.245985793901629
POLR3GL,0.0193318070897692,0.245985793901629
ESRP1,0.019557606435945,0.246746503774915
MRI1,0.019557040228401,0.246746503774915
HSP90AB1,0.0195857513893372,0.246746503774915
SRR,0.0196860405956046,0.247295247712509
TARS2,0.0198277667035066,0.248359870863751
MROH1,0.0202213084182428,0.252278164123055
HIST1H1D,0.020429959150135,0.252278164123055
NKX2-1,0.0203208020667515,0.252278164123055
ARHGEF5,0.0203507801865545,0.252278164123055
HIST2H2BE,0.0204280563650909,0.252278164123055
PRPF8,0.020502295772392,0.252456235231234
DNPH1,0.021306058521063,0.253500676383954
UBA1,0.0208062604076052,0.253500676383954
HIST1H3J,0.0209722856898177,0.253500676383954
DHX38,0.0209338609482237,0.253500676383954
LDHA,0.0214502372585744,0.253500676383954
ACE,0.0213832521079841,0.253500676383954
NOTCH3,0.0207132541198452,0.253500676383954
LRP12,0.021206195634589,0.253500676383954
SF3B1,0.0213396932699795,0.253500676383954
ACD,0.0209339913468961,0.253500676383954
PRDX1,0.0214017921472179,0.253500676383954
RNASEH2C,0.021459451614058,0.253500676383954
SNRNP200,0.0211784796928303,0.253500676383954
POLR2A,0.0212122306946152,0.253500676383954
EEFSEC,0.0207820405877759,0.253500676383954
UBE2V2,0.0215590645209733,0.253835268185728
HSPA1A,0.0216042405361104,0.253835268185728
PA2G4,0.0216802121931894,0.254043131586324
ADARB1,0.0217866363003902,0.254605757730297
SMIM8,0.0223560708318179,0.254966446738865
SF3B3,0.0222612769334768,0.254966446738865
SCAP,0.0223816079724201,0.254966446738865
ELP3,0.0224024200736374,0.254966446738865
KHNYN,0.0222820737601794,0.254966446738865
SIPA1L3,0.0219376294644019,0.254966446738865
HIST1H2BF,0.022226379891002,0.254966446738865
MAP7D2,0.0221026013072693,0.254966446738865
RNF138,0.0220382378030493,0.254966446738865
HSPA1B,0.0218991488976448,0.254966446738865
REEP4,0.0224791263947437,0.255173208215333
FAM117A,0.0227242687689803,0.257285941724637
PNO1,0.0229556197890329,0.259138094725964
CBX3,0.0230067544526148,0.259138094725964
MYBL2,0.0230996800899693,0.259514189464372
ZDHHC17,0.0234586807010563,0.260194374493396
FBXO7,0.0234495453827575,0.260194374493396
UBP1,0.0232820889724283,0.260194374493396
HADHA,0.0234324532362945,0.260194374493396
PKN1,0.0233533750539331,0.260194374493396
RDX,0.0236335606809518,0.260659813046144
NUFIP2,0.0238594323022279,0.260659813046144
WDR13,0.0238257830982285,0.260659813046144
YARS2,0.0238440063709239,0.260659813046144
SFPQ,0.0238452626768048,0.260659813046144
POU5F1,0.0238528385625962,0.260659813046144
LSM4,0.0240579016957234,0.261858119027183
TULP4,0.024089264907066,0.261858119027183
ARHGEF12,0.0242416015013094,0.262206305072476
STK26,0.0242154305047243,0.262206305072476
SEPT8,0.0250633563711756,0.263287184439555
RUFY1,0.0250956767423064,0.263287184439555
WIPF1,0.0251267420800309,0.263287184439555
UBQLN4,0.024815950758369,0.263287184439555
QSER1,0.024422732085541,0.263287184439555
PCMT1,0.0250054485766414,0.263287184439555
CSRP2,0.0245934076289618,0.263287184439555
HSPD1,0.0249286264313815,0.263287184439555
AKAP8,0.0249515488865949,0.263287184439555
ZBTB17,0.0247896654372867,0.263287184439555
RNPS1,0.0250756999068429,0.263287184439555
ZNF598,0.0247696006303748,0.263287184439555
CECR2,0.024651533138679,0.263287184439555
HIST1H2BG,0.0251978459155776,0.263399065577944
UTP3,0.0252772603208795,0.263597075929937
FTCD,0.0254663090633308,0.263735359503549
HIST1H2BK,0.025472031739159,0.263735359503549
TOPORS,0.0253896434647333,0.263735359503549
RPS6KA3,0.0257792162877681,0.263994724049617
USP48,0.0258604604655165,0.263994724049617
TUBB4B,0.0258529447697745,0.263994724049617
SEPSECS,0.0257898578736925,0.263994724049617
AKR7A2,0.0257799303106837,0.263994724049617
PGAM4,0.0258320949695224,0.263994724049617
MAST4,0.0260941953644402,0.265305582831616
ANKRD17,0.0264055324755443,0.265305582831616
RELA,0.0262745579260405,0.265305582831616
HIST1H2BL,0.0264149169417117,0.265305582831616
RICTOR,0.0263145973007487,0.265305582831616
KHDRBS1,0.0263906361368674,0.265305582831616
KIF5C,0.0262479368817173,0.265305582831616
PSME3,0.0264958456396003,0.265506646305788
HOXC6,0.0267541882128189,0.266868435742969
ZNF687,0.0267119784897325,0.266868435742969
TAF4,0.0268330228154226,0.267043713361705
U2AF2,0.0269289181895567,0.267387595417489
CLNS1A,0.0270899439374876,0.267667412017378
KIFC1,0.0271413159237626,0.267667412017378
KIF5B,0.0271127797030544,0.267667412017378
SMC3,0.0272152398930462,0.267790588473563
ZC3HAV1,0.0272768696174992,0.267792510501529
RTCA,0.0275417036652371,0.269180014073472
NAA25,0.0274974560439794,0.269180014073472
ZNF324,0.0284034541964654,0.270920474491012
SEMA6C,0.0283906848350531,0.270920474491012
HMGN5,0.0283808426309294,0.270920474491012
SNX3,0.0279640454724584,0.270920474491012
IQSEC1,0.0282991598787548,0.270920474491012
RBM20,0.0283548604818939,0.270920474491012
TNK1,0.0280815681142227,0.270920474491012
NCBP1,0.0279840767209121,0.270920474491012
MORC1,0.0282305681087056,0.270920474491012
HSPB1,0.0282038460242424,0.270920474491012
NUP107,0.0281376978592063,0.270920474491012
COG2,0.0285115383559676,0.271357632518915
CLASP1,0.0286992712773433,0.271366862251495
RANBP10,0.0286645195197399,0.271366862251495
ARHGAP21,0.0286798429009746,0.271366862251495
PPP6R3,0.0289147099485047,0.272222938802445
PDIA4,0.0288565403981693,0.272222938802445
ARID1A,0.029171901873924,0.272291906356391
RBMX,0.0290692807006475,0.272291906356391
PRR3,0.0290814627873988,0.272291906356391
PELI2,0.0291526548710401,0.272291906356391
RPL11,0.0292821988818775,0.272506567924746
EXOC6,0.0293646808327941,0.272506567924746
TUBA3D,0.0293824471036088,0.272506567924746
RPL36,0.0295927962637994,0.272716699606557
NSUN2,0.0295237761347675,0.272716699606557
NUP133,0.0295903990866533,0.272716699606557
BUB3,0.0296846669079488,0.272986208969934
RPL6,0.0299515846966997,0.27385679170369
MYCBP2,0.0299209094670502,0.27385679170369
RAC3,0.0299678113426612,0.27385679170369
SRSF2,0.0301143884858736,0.273924470953106
UTP4,0.0301720334149746,0.273924470953106
ESR1,0.0302265819060436,0.273924470953106
DVL3,0.0302126512274535,0.273924470953106
NDUFA6,0.0304155373243549,0.275064994184363
MTRF1L,0.0305736601282634,0.27535244731219
C17orf89,0.030530127519534,0.27535244731219
CCS,0.0307342607492927,0.275659758448903
RPL35,0.0306963947871438,0.275659758448903
CDK9,0.0308630403047118,0.276246391556958
ADD1,0.0312124417864916,0.278801298662534
RPL28,0.0313864413928102,0.279566421204315
ZBTB4,0.0314263698990856,0.279566421204315
BOD1L1,0.0315730537403319,0.279729555394526
FAM83G,0.0315486779457983,0.279729555394526
SART1,0.031992190308406,0.281157172488592
PATL1,0.0319772349807168,0.281157172488592
PPP5C,0.0318207943952762,0.281157172488592
ABT1,0.0319239023117243,0.281157172488592
FAM168B,0.0321654668902963,0.282111207595174
OXA1L,0.0322996519585488,0.28271924274561
QTRTD1,0.0325927840510147,0.284569219017084
SPTBN4,0.0326415713485987,0.284569219017084
UBTF,0.0328897328218715,0.284676647744654
SH3D19,0.0328342099409666,0.284676647744654
SCAF8,0.0329151251349634,0.284676647744654
PHLDA3,0.0328091683315309,0.284676647744654
LDHB,0.0334848131112833,0.285405334828073
HSP90AA1,0.0334058921369649,0.285405334828073
BAX,0.0333912093408943,0.285405334828073
HSP90B1,0.0332495830060392,0.285405334828073
CCDC185,0.0331088055285711,0.285405334828073
SRGAP1,0.0331466020436422,0.285405334828073
WDR82,0.0335231776627606,0.285405334828073
UBR5,0.0335177622632568,0.285405334828073
WDR60,0.0337111735144523,0.286446404190054
CD7,0.0337804376760321,0.286476513287595
RBM33,0.0339369655001775,0.287245111874318
RAD50,0.0345991374723735,0.287271695699193
HLA-B,0.034493159047626,0.287271695699193
BNIP3,0.034330565327832,0.287271695699193
PPP1R18,0.0345498079170853,0.287271695699193
HSPA8,0.0345837792609376,0.287271695699193
MYL12B,0.0343420146912153,0.287271695699193
TAF4B,0.0345211092586753,0.287271695699193
PAPOLG,0.0344764483451365,0.287271695699193
PI4KA,0.0341306905011519,0.287271695699193
WNK3,0.0340139096181968,0.287271695699193
HIST1H2AH,0.0346694620841027,0.287308336928905
KDM2B,0.0348402136196011,0.288175505062317
NDUFS2,0.0362568496782089,0.288797759176058
MYH11,0.0362256508804955,0.288797759176058
SSRP1,0.0350882326975022,0.288797759176058
ZFR,0.0365572803976123,0.288797759176058
ALDH6A1,0.0354436932616785,0.288797759176058
CHD8,0.0360218176285728,0.288797759176058
STIP1,0.03570616745275,0.288797759176058
CORO1C,0.0360690699212278,0.288797759176058
GPKOW,0.0362582627446814,0.288797759176058
RPL29,0.0360561076205086,0.288797759176058
MTBP,0.0355584765725184,0.288797759176058
SEPT1,0.0358809268168509,0.288797759176058
RRP1B,0.0354150311365704,0.288797759176058
KHSRP,0.0351710679649949,0.288797759176058
NONO,0.0366123282880413,0.288797759176058
QKI,0.0363112301385971,0.288797759176058
HIST1H2BH,0.0350932118655534,0.288797759176058
SCAF11,0.0365941042865568,0.288797759176058
GPHN,0.0362360020009627,0.288797759176058
ISCA2,0.0360561074916911,0.288797759176058
RRM2,0.0362076953896137,0.288797759176058
KDM3B,0.035584139898425,0.288797759176058
MRPL37,0.0355037477718218,0.288797759176058
TCF20,0.0355336620713516,0.288797759176058
ATP6AP1,0.0366380272595458,0.288797759176058
RAF1,0.0365396669814802,0.288797759176058
PUS7L,0.0368040514307823,0.289582780120541
C1orf123,0.0369137771124338,0.289922800780359
PHF3,0.0369803311774016,0.289923135975348
ME2,0.0371296034116256,0.290570810181824
DSC3,0.0372892235636536,0.290775895373821
TLN1,0.0372526177592242,0.290775895373821
SPTAN1,0.0376527132382036,0.292077118533587
RPL18,0.037562145594409,0.292077118533587
RIN1,0.0376571095700564,0.292077118533587
SGTA,0.0380515263551576,0.292082257607638
C10orf35,0.0378694677599001,0.292082257607638
HSPA1L,0.0381268191279527,0.292082257607638
EEF1D,0.037867042775925,0.292082257607638
MATR3,0.0378168139022303,0.292082257607638
PELO,0.0380671935831255,0.292082257607638
CASKIN1,0.0380444028022506,0.292082257607638
DUSP11,0.0383571127072576,0.293330972440238
SECISBP2L,0.0384479638263339,0.293510813168107
RUNX3,0.0387998503979633,0.293625951188753
EXOC6B,0.0385693275116512,0.293625951188753
EGR2,0.0387819471490709,0.293625951188753
HNRNPL,0.0386017028828329,0.293625951188753
FAM50B,0.0387998503979633,0.293625951188753
IL26,0.0389689095699289,0.294394240581144
MTMR14,0.0392037598937662,0.294636533408494
KIF1A,0.0390998623789238,0.294636533408494
IDH3A,0.0391661200508172,0.294636533408494
DMXL2,0.0394257184863825,0.295354364858721
RNASEH2A,0.0394347878751493,0.295354364858721
SCN5A,0.0399184610429728,0.297560296997993
RTKN,0.0399285202803528,0.297560296997993
KIAA1211L,0.0399341073053054,0.297560296997993
KIF21B,0.0404615480354955,0.299175818572616
EIF2B1,0.0407858856957667,0.299175818572616
EEF2,0.0408063527475361,0.299175818572616
RBBP6,0.0408372590159915,0.299175818572616
PKM,0.0407082253101387,0.299175818572616
TUFM,0.0405724865940331,0.299175818572616
UMPS,0.0406033502353792,0.299175818572616
ZNF532,0.040586981536439,0.299175818572616
FAM126A,0.0405123458591916,0.299175818572616
ADAMTS12,0.0406409030313498,0.299175818572616
PTGES3,0.0409165721724184,0.299253922985858
CDKN2A,0.0410502839460943,0.299728957656658
PDLIM7,0.0416200200990348,0.299994992026609
TET2,0.0416736863193773,0.299994992026609
CCT5,0.0417602030966329,0.299994992026609
KCTD13,0.0417749392429805,0.299994992026609
SRCAP,0.0412641903158455,0.299994992026609
CASC3,0.0413162749202926,0.299994992026609
TCF25,0.0416234396601901,0.299994992026609
PGRMC2,0.0414128556632536,0.299994992026609
CASC5,0.0417602030966329,0.299994992026609
GRIPAP1,0.041653221015399,0.299994992026609
EIF3B,0.0420595513562395,0.300009350503168
CNTROB,0.0420968133761123,0.300009350503168
ZNF136,0.042121065039674,0.300009350503168
H6PD,0.0419831380404138,0.300009350503168
CCDC8,0.0420060850509879,0.300009350503168
FAM104A,0.0423489791589095,0.300650163116754
TOP1,0.0423344419865159,0.300650163116754
DST,0.042530200465296,0.300708665143856
MKRN1,0.0424414589825421,0.300708665143856
HIST1H3C,0.0425641767363521,0.300708665143856
NCOA6,0.0432513456598155,0.30207257487771
IMMT,0.0430552278312392,0.30207257487771
VCAN,0.0434839392276541,0.30207257487771
MXD1,0.0428454729698566,0.30207257487771
MPI,0.0432544191783849,0.30207257487771
PFKM,0.0433259911278584,0.30207257487771
VPS13A,0.0435195175552195,0.30207257487771
SRP19,0.0433882888675507,0.30207257487771
PLEKHG2,0.0429276284499023,0.30207257487771
MYEF2,0.0430135074766336,0.30207257487771
GCN1,0.0433984834546833,0.30207257487771
EPB41L2,0.0436713071704142,0.302644241583204
HNRNPA1,0.0437419278368852,0.302652481652354
MRPS36,0.0439853352017235,0.303229143735797
CCT7,0.0441732732159114,0.303229143735797
HAT1,0.0442641260626307,0.303229143735797
RPAP3,0.0441043251171692,0.303229143735797
DHFRL1,0.0442533463982282,0.303229143735797
UFL1,0.044213435885081,0.303229143735797
CHCHD2,0.0443122194447586,0.303229143735797
KMT2C,0.0444990744224076,0.30403051004275
FOXO3,0.0446001793339996,0.304244415832401
CDC42BPG,0.0447044777476672,0.304479403909502
STARD4,0.0448789260969452,0.304584092253602
PAGR1,0.0449562871263165,0.304584092253602
RHOA,0.0449993474217297,0.304584092253602
HSPA13,0.0449022029345947,0.304584092253602
SYNCRIP,0.0450990654867023,0.304785777451993
SMARCA4,0.0452342427435914,0.305226105447856
SF3A1,0.0453378806025931,0.305452583534317
RASSF1,0.0454785087093803,0.305455808111231
SLC25A1,0.0454701094882627,0.305455808111231
AMER1,0.0456032811865033,0.305822619526104
BAG6,0.0457798577748037,0.306065030736763
UTP15,0.0457201059647934,0.306065030736763
HEXIM1,0.0458614361778503,0.306140888666538
TRA2A,0.046158358812071,0.307229534734363
PIN1,0.0462714832187893,0.307229534734363
FNTA,0.0463715564769222,0.307229534734363
AVEN,0.046289770880707,0.307229534734363
UGGT1,0.0463769290789655,0.307229534734363
LARP4,0.0466685085680009,0.308224286133206
BPGM,0.0466680551154243,0.308224286133206
EML3,0.0469596684167489,0.309678055413931
DROSHA,0.0470701923981886,0.309938019129463
FAT4,0.0471775001555246,0.310176053058721
CALR,0.0473256240450977,0.310214128139219
DHRS3,0.0472706352626445,0.310214128139219
ARL6IP4,0.0475858299801173,0.310518911501993
NUP153,0.0475205426050416,0.310518911501993
LIMK1,0.0474882929848056,0.310518911501993
KARS,0.0477387591376445,0.311051197430482
NR2C2AP,0.0478796892348042,0.311125941840188
WDR70,0.0478929816413779,0.311125941840188
SMARCA2,0.0487491340860715,0.31363481941726
LNPEP,0.0488588962177751,0.31363481941726
EZR,0.0487851690933569,0.31363481941726
NME1,0.0483700184874557,0.31363481941726
FLII,0.0484666557462639,0.31363481941726
DNMBP,0.0487468960934971,0.31363481941726
ZNF428,0.0486665890773888,0.31363481941726
LDHC,0.0489267440247159,0.31363481941726
HINT1,0.0486982518003577,0.31363481941726
PDK1,0.049158032779623,0.31455833261804
PLD1,0.0492151371519851,0.31455833261804
UGP2,0.0493827356875611,0.314706644535203
MAP1A,0.049321432751326,0.314706644535203
PHGDH,0.0497827985643619,0.315411655439031
PLS3,0.0496989401628169,0.315411655439031
NXF1,0.0496559134884944,0.315411655439031
GOT2,0.0497343004367037,0.315411655439031
TFG,0.0499446693900399,0.315520020103165
SETD5,0.0499321098674564,0.315520020103165
MAPK7,1,1
ZMYND8,1,1
CAP1,1,1
CAP2,1,1
ZCCHC3,1,1
BAZ1A,1,1
ENO3,1,1
GTF3C5,1,1
TRIOBP,1,1
MLF1,1,1
KNOP1,1,1
TCEAL5,1,1
DGKB,1,1
SPRED1,1,1
DNMT3A,1,1
PEG3,1,1
MPHOSPH10,1,1
PRMT3,1,1
CTBP2,1,1
SATB2,1,1
ZNF513,1,1
ZBTB44,1,1
ZC3H7A,1,1
ARHGEF17,1,1
NF1,1,1
DIS3,1,1
NEBL,1,1
ASMTL,1,1
PDHB,1,1
MAP7,1,1
DPYSL2,1,1
LRIF1,1,1
RPS6KA4,1,1
GYG2,1,1
PAICS,1,1
SYDE2,1,1
PHKB,1,1
CSNK1G3,1,1
LLGL2,1,1
MYH14,1,1
AGTRAP,1,1
PSMA8,1,1
NELFA,1,1
EML4,1,1
CRYAB,1,1
CPS1,1,1
CAMK2G,1,1
CAMK2D,1,1
CAMK2B,1,1
CALU,1,1
C1orf116,1,1
MORF4L2,1,1
TPM4,1,1
SKIL,1,1
KRT5,1,1
IRAK1,1,1
PIWIL1,1,1
ERBB2,1,1
EPRS,1,1
MAP4K4,1,1
CCSER2,1,1
RHOC,1,1
PDE4C,1,1
NADK2,1,1
RELL1,1,1
POGZ,1,1
SIN3A,1,1
SOX6,1,1
ELF1,1,1
PTGR1,1,1
STX16,1,1
LSM6,1,1
VPS72,1,1
ASH2L,1,1
AKAP12,1,1
PAPSS2,1,1
NOSTRIN,1,1
FKBP4,1,1
CSE1L,1,1
MAPK14,1,1
NRP2,1,1
SSFA2,1,1
SRP9,1,1
TRPM6,1,1
ATAT1,1,1
PROSER2,1,1
MYO1B,1,1
WHSC1,1,1
PRMT5,1,1
FRMD8,1,1
RAN,1,1
CIRBP,1,1
TOR1AIP1,1,1
EPSTI1,1,1
ZNF483,1,1
TTC14,1,1
NFYA,1,1
EHMT2,1,1
PSPC1,1,1
XRCC6,1,1
ARHGAP31,1,1
FASTKD5,1,1
DNAJC2,1,1
KRT17,1,1
SALL1,1,1
KIAA1522,1,1
PPFIBP1,1,1
DDB2,1,1
CTNND1,1,1
RSL1D1,1,1
CLCC1,1,1
ASUN,1,1
LDB1,1,1
PPP4R3B,1,1
LAD1,1,1
MAPK3,1,1
DNMT3B,1,1
CRYGD,1,1
BET1L,1,1
GTF2H2C,1,1
RPS27A,1,1
FAM120A,1,1
ZNF326,1,1
TROVE2,1,1
KPNA6,1,1
WDR5,1,1
CHD7,1,1
RBM6,1,1
ZNF688,1,1
RBM10,1,1
VIPAS39,1,1
ILF3,1,1
KDM5D,1,1
ATF3,1,1
A4GALT,1,1
NOS2,1,1
VPS13C,1,1
RAB13,1,1
NOL6,1,1
SUMO1,1,1
RIPK2,1,1
NCOR1,1,1
ID1,1,1
AKAP13,1,1
PGLS,1,1
CSDE1,1,1
TDRP,1,1
KRT73,1,1
GAPVD1,1,1
ZIC5,1,1
CD74,1,1
ACADM,1,1
ARPIN,1,1
PHF19,1,1
QDPR,1,1
DDHD1,1,1
ZNF436,1,1
RALY,1,1
ZAK,1,1
CRNKL1,1,1
DACT1,1,1
HACD3,1,1
PDE4DIP,1,1
NFRKB,1,1
WWC3,1,1
NFU1,1,1
AKAP11,1,1
NTHL1,1,1
UHRF1BP1L,1,1
KLHL7,1,1
ZCCHC11,1,1
SRRM1,1,1
STXBP1,1,1
RGPD5,1,1
METTL3,1,1
SNAPC3,1,1
AKT1,1,1
MYB,1,1
MADD,1,1
SH2B1,1,1
SIRT7,1,1
AMPD3,1,1
PLCG1,1,1
BUD13,1,1
AP2A2,1,1
MINK1,1,1
TMC6,1,1
SRI,1,1
FLT1,1,1
DENND6A,1,1
RPS25,1,1
RGS1,1,1
ASPM,1,1
DNAH6,1,1
RECQL5,1,1
RFC3,1,1
SERPINB8,1,1
PKP4,1,1
VTA1,1,1
SPTLC1,1,1
AGPAT1,1,1
HUWE1,1,1
ST5,1,1
SLC25A3,1,1
PDCD4,1,1
GAK,1,1
GCFC2,1,1
LRRFIP2,1,1
SATB1,1,1
SRSF7,1,1
ASL,1,1
SNX4,1,1
CFDP1,1,1
VPS4A,1,1
MESP1,1,1
RPL32,1,1
AHCYL1,1,1
TNKS1BP1,1,1
UBAP2,1,1
DISC1,1,1
TAF9,1,1
PPP2CA,1,1
SDHA,1,1
RRAD,1,1
GMPS,1,1
SETMAR,1,1
HSPE1,1,1
CDC23,1,1
DDX3Y,1,1
OVOL2,1,1
CCAR2,1,1
SH3KBP1,1,1
SRRM2,1,1
BIRC6,1,1
TNIK,1,1
PDXDC1,1,1
NDUFB10,1,1
DTWD2,1,1
SMN1,1,1
SPIDR,1,1
TBCK,1,1
SPATA2,1,1
ZNF146,1,1
ZMYM4,1,1
SUCLA2,1,1
RPS29,1,1
EARS2,1,1
DMAP1,1,1
ACADVL,1,1
VRK2,1,1
ATN1,1,1
KCNQ2,1,1
ILF2,1,1
FOXK2,1,1
ZNF749,1,1
YWHAZ,1,1
DUT,1,1
TINF2,1,1
YPEL5,1,1
NR4A3,1,1
PDS5A,1,1
CYCS,1,1
MAGI2,1,1
UCK1,1,1
NAT10,1,1
APP,1,1
PICALM,1,1
ZNF780A,1,1
IMPDH1,1,1
LRRFIP1,1,1
LCOR,1,1
HOOK3,1,1
BAZ1B,1,1
AGL,1,1
CYC1,1,1
FOXO1,1,1
CYB5A,1,1
PSMD11,1,1
PKP1,1,1
GLYR1,1,1
SEPT2,1,1
ARHGEF9,1,1
AARS,1,1
PAX2,1,1
NFIA,1,1
GCA,1,1
ZNF81,1,1
ZNF41,1,1
VCP,1,1
CPSF4,1,1
PTCH1,1,1
ITIH4,1,1
CD72,1,1
SF1,1,1
CCDC59,1,1
MKRN2,1,1
SMAD6,1,1
EMC4,1,1
SUMO3,1,1
CLINT1,1,1
LCMT2,1,1
MID1,1,1
TOP3B,1,1
GSR,1,1
FKBP5,1,1
SCMH1,1,1
RAB27A,1,1
UIMC1,1,1
ALDH3A2,1,1
DNMT1,1,1
BSPH1,1,1
NSUN5,1,1
PQBP1,1,1
ADAM12,1,1
C12orf10,1,1
ZC4H2,1,1
HNRNPCL3,1,1
ZNF185,1,1
VIM,1,1
IKBKAP,1,1
STAG2,1,1
TLE4,1,1
MDH2,1,1
PSME1,1,1
COPS7A,1,1
EPB41L4B,1,1
SPATA7,1,1
ST6GALNAC1,1,1
HR,1,1
HJURP,1,1
CHDH,1,1
METTL2B,1,1
DCP1A,1,1
CIR1,1,1
HBS1L,1,1
BCAT1,1,1
MINA,1,1
EZH2,1,1
ATP4A,1,1
R3HDM2,1,1
NOTCH1,1,1
CNBP,1,1
SLC25A5,1,1
DOK1,1,1
EPB41,1,1
YRDC,1,1
TTC37,1,1
PPP1R26,1,1
PLEKHM1,1,1
FMR1,1,1
GTF2B,1,1
GPX5,1,1
GPRIN2,1,1
NCAPD2,1,1
PDE4D,1,1
OSBP2,1,1
DDX18,1,1
SYNGAP1,1,1
CABLES1,1,1
LMNB1,1,1
ARF5,1,1
HIST1H3I,1,1
MIB2,1,1
DIAPH1,1,1
PRDX6,1,1
CREB5,1,1
CDK6,1,1
CDH13,1,1
CDC20,1,1
ATP2B2,1,1
ENTPD6,1,1
DYNC1I2,1,1
ADD3,1,1
PHRF1,1,1
KIAA1524,1,1
SOX4,1,1
EXOSC2,1,1
ELMO1,1,1
NDUFB8,1,1
NDUFAB1,1,1
H2AFY,1,1
SERPINB6,1,1
ENSA,1,1
WDR46,1,1
MAGED2,1,1
RUNX1,1,1
TLE3,1,1
CTNNAL1,1,1
URGCP,1,1
HNRNPR,1,1
APLP2,1,1
TRIM3,1,1
SOWAHD,1,1
CTU1,1,1
RFC1,1,1
PSMF1,1,1
RAB11FIP2,1,1
INPP5J,1,1
NXF2,1,1
SYNPO,1,1
RNF214,1,1
WHAMM,1,1
PAN2,1,1
ATG9A,1,1
ZNF623,1,1
KIAA1429,1,1
PTCD1,1,1
PPHLN1,1,1
ATG7,1,1
ATPIF1,1,1
SOX5,1,1
SEPT9,1,1
HEXIM2,1,1
BRAF,1,1
PPP1R21,1,1
ALDH8A1,1,1
ABLIM1,1,1
TNK2,1,1
PRMT8,1,1
WDR89,1,1
WAC,1,1
CELF1,1,1
TRPA1,1,1
IGF2BP3,1,1
SEPT5,1,1
PNN,1,1
EXOSC10,1,1
PMM1,1,1
SSR2,1,1
TRIM21,1,1
CACNA1G,1,1
CMSS1,1,1
CUL5,1,1
USP7,1,1
BSN,1,1
TNFRSF10A,1,1
ZNF205,1,1
FNDC3B,1,1
FLJ44635,1,1
EGFR,1,1
CNN2,1,1
MPRIP,1,1
ZNF644,1,1
NCKIPSD,1,1
SBF2,1,1
SIL1,1,1
SRSF5,1,1
DBNL,1,1
RUVBL1,1,1
GTF2F2,1,1
SLC25A12,1,1
EIF2S1,1,1
NOP14,1,1
GIPC1,1,1
SAE1,1,1
SH2D3A,1,1
PIKFYVE,1,1
ELMSAN1,1,1
ABCC3,1,1
USP24,1,1
PAIP1,1,1
MCM7,1,1
ALS2CL,1,1
ELMO2,1,1
SLX1A,1,1
THUMPD3,1,1
ARSA,1,1
NFIB,1,1
BTF3L4,1,1
NFATC1,1,1
DCP2,1,1
SDE2,1,1
SMOC2,1,1
HSD11B1,1,1
NSFL1C,1,1
CASP2,1,1
PRKAG1,1,1
SP100,1,1
NCOR2,1,1
TSSC4,1,1
SNAPC5,1,1
RASAL1,1,1
PLEKHO2,1,1
TNIP3,1,1
PCM1,1,1
RAB3GAP2,1,1
CD93,1,1
COMMD3,1,1
ATP1B4,1,1
DNM1L,1,1
ARFIP2,1,1
PITPNB,1,1
H2AFV,1,1
LGALS9,1,1
SNRK,1,1
TJAP1,1,1
SLC3A2,1,1
ATL2,1,1
DNAJA3,1,1
ZC3H14,1,1
ZNF670,1,1
PGRMC1,1,1
RIF1,1,1
PPP2R4,1,1
ARHGAP44,1,1
NLRC4,1,1
NFKBIL1,1,1
CKMT2,1,1
SLC25A6,1,1
KPNA5,1,1
RACGAP1,1,1
PCBP2,1,1
PDLIM4,1,1
H2AFJ,1,1
LPP,1,1
PDCD6IP,1,1
TSC1,1,1
SAV1,1,1
SRM,1,1
CYB5B,1,1
FOXM1,1,1
CRYBB2,1,1
CAPN2,1,1
APOB,1,1
MLNR,1,1
B4GALT1,1,1
ARHGEF2,1,1
EIF2AK2,1,1
NUFIP1,1,1
SF3B4,1,1
DENND4A,1,1
OAS3,1,1
TAOK1,1,1
ZDBF2,1,1
KAZN,1,1
LRPPRC,1,1
HLA-A,1,1
CDCA7L,1,1
CUL3,1,1
TMSB4X,1,1
YY2,1,1
TRANK1,1,1
DDX46,1,1
TOX4,1,1
C9orf24,1,1
GSTM4,1,1
NFX1,1,1
KANK2,1,1
GSTM1,1,1
MRPL4,1,1
ZSCAN21,1,1
KLF17,1,1
PRKCSH,1,1
AIM1,1,1
WDR7,1,1
PSPH,1,1
SNU13,1,1
PKP2,1,1
RANBP1,1,1
PKDREJ,1,1
MARK4,1,1
C6orf47,1,1
SH2D2A,1,1
HOXA9,1,1
FAM218A,1,1
AAMP,1,1
FBXW11,1,1
SRPK3,1,1
DAPK3,1,1
CCT2,1,1
TELO2,1,1
GNAS,1,1
NUDT15,1,1
TMCC1,1,1
CFL1,1,1
PSMD6,1,1
ILK,1,1
MPZL1,1,1
DUSP14,1,1
EZH1,1,1
SMN2,1,1
SMG7,1,1
ADRM1,1,1
MAP2K4,1,1
DCTN3,1,1
EDF1,1,1
ALS2CR11,1,1
SNAP29,1,1
KIF11,1,1
EED,1,1
NAA10,1,1
BOP1,1,1
SIK2,1,1
NCAPH,1,1
RBFOX2,1,1
MSR1,1,1
MSN,1,1
AGXT,1,1
TRNAU1AP,1,1
RIC1,1,1
CCDC124,1,1
PDHX,1,1
SYNJ1,1,1
PLCE1,1,1
DHX30,1,1
TRAK1,1,1
EPN2,1,1
TLN2,1,1
RBMXL3,1,1
GLA,1,1
TBCA,1,1
ATP8B1,1,1
TPM1,1,1
LAMB2,1,1
EID2,1,1
STAT3,1,1
ROCK2,1,1
SHISA5,1,1
FAM21A,1,1
FOXP1,1,1
SPG20,1,1
BRSK2,1,1
PDLIM5,1,1
KDM1A,1,1
KLC2,1,1
INTS12,1,1
MKI67,1,1
SNAPC4,1,1
APRT,1,1
RMDN2,1,1
SEPT10,1,1
ATP1A4,1,1
BROX,1,1
LSM14B,1,1
DHRS13,1,1
ZNF366,1,1
SMC1A,1,1
ASCC3,1,1
CCDC117,1,1
SIPA1L1,1,1
POLR1B,1,1
CEBPB,1,1
TPT1,1,1
ADRA1B,1,1
IRF4,1,1
FOXD4L1,1,1
XRN2,1,1
GINS4,1,1
PAPD7,1,1
KIF3B,1,1
ETF1,1,1
DDX21,1,1
MECR,1,1
AK4,1,1
TRMT1,1,1
PIP5K1A,1,1
AP1M1,1,1
LMNB2,1,1
LIN54,1,1
HIC1,1,1
PAPSS1,1,1
HNRNPH1,1,1
HMGCS2,1,1
MNX1,1,1
BCL9L,1,1
MPP1,1,1
COG5,1,1
G3BP2,1,1
ANXA11,1,1
ANXA6,1,1
PEX14,1,1
AHCY,1,1
SEC24A,1,1
STIM2,1,1
CITED2,1,1
ZNF143,1,1
TRABD2A,1,1
SETD7,1,1
SLC25A13,1,1
ATP2A2,1,1
KPNB1,1,1
SEC16A,1,1
ABI2,1,1
TCF12,1,1
FAM193A,1,1
RUNDC3B,1,1
PYGO2,1,1
HAUS1,1,1
MSH2,1,1
ELAC2,1,1
TRIM9,1,1
PUF60,1,1
PSMB8,1,1
UBQLN1,1,1
DNAJB6,1,1
TOP1MT,1,1
SH3PXD2B,1,1
GABPA,1,1
DDX5,1,1
BCAR3,1,1
MCRS1,1,1
ABL2,1,1
STRBP,1,1
NPM3,1,1
AVL9,1,1
STRAP,1,1
KIAA1217,1,1
GIGYF2,1,1
SLC16A1,1,1
RPN1,1,1
RPL15,1,1
AKAP1,1,1
DDX3X,1,1
FBLN1,1,1
MYL6B,1,1
ROBO1,1,1
NR3C1,1,1
SREBF1,1,1
PLEKHA2,1,1
ZNHIT6,1,1
AIF1L,1,1
MYOCD,1,1
DDX39B,1,1
PAFAH1B1,1,1
ST13,1,1
UBE2R2,1,1
MRM1,1,1
GATAD1,1,1
MYH4,1,1
WBSCR22,1,1
SPG11,1,1
RGL3,1,1
LONP1,1,1
PPA1,1,1
PPIA,1,1
EEF1B2,1,1
NDUFA7,1,1
COPS6,1,1
FERMT2,1,1
TMED10,1,1
CKAP4,1,1
ACOT2,1,1
TM9SF2,1,1
TAGLN,1,1
BHLHE40,1,1
SVIL,1,1
SUV39H1,1,1
NID1,1,1
RAB1A,1,1
PPWD1,1,1
HPCAL1,1,1
SMTN,1,1
TBL1Y,1,1
TRIP10,1,1
MARS,1,1
U2AF1,1,1
COQ7,1,1
IL6ST,1,1
CD9,1,1
LIMCH1,1,1
TP53TG5,1,1
TBC1D10C,1,1
GSN,1,1
BTBD1,1,1
PHLDB1,1,1
RASGRP2,1,1
NDUFB4,1,1
MASTL,1,1
EIF4A1,1,1
TK1,1,1
TJP1,1,1
PABPC4,1,1
ARFGAP3,1,1
ZNF318,1,1
ATRX,1,1
ZBTB11,1,1
MTHFD1L,1,1
UBOX5,1,1
SPAST,1,1
SETX,1,1
THNSL1,1,1
MAPK1,1,1
PITPNM1,1,1
RRN3,1,1
FAM110C,1,1
ARMC6,1,1
LRRC8D,1,1
RYR2,1,1
PES1,1,1
PPIE,1,1
PSMG1,1,1
ETFB,1,1
ERBB3,1,1
TAF1C,1,1
CD2BP2,1,1
CFL2,1,1
MMS22L,1,1
AP2B1,1,1
PRR5,1,1
RPL10,1,1
ESPL1,1,1
EXOC5,1,1
STAU2,1,1
WDR24,1,1
CASP7,1,1
E2F1,1,1
CPEB4,1,1
USP8,1,1
TPD52L1,1,1
C4orf3,1,1
PDE4B,1,1
PDHA1,1,1
MYH2,1,1
FAM208B,1,1
PML,1,1
PTGFRN,1,1
TIGAR,1,1
RBM15,1,1
COL7A1,1,1
TCEAL4,1,1
LARP1B,1,1
ZMIZ2,1,1
ATP1A1,1,1
DUS3L,1,1
CLTA,1,1
BTN3A3,1,1
RPL10A,1,1
USP32,1,1
MAP7D1,1,1
KIRREL,1,1
TUBGCP3,1,1
MRS2,1,1
NRCAM,1,1
GPBP1,1,1
CBX1,1,1
LEF1,1,1
PSMD2,1,1
CFAP20,1,1
FHOD1,1,1
XPO5,1,1
MTUS1,1,1
ZNF608,1,1
AARS2,1,1
CAMSAP3,1,1
AKTIP,1,1
COPB1,1,1
LSS,1,1
RALGPS2,1,1
CABIN1,1,1
LASP1,1,1
MDM1,1,1
CDK5,1,1
GORASP2,1,1
INSR,1,1
CHERP,1,1
ZNF211,1,1
KRT13,1,1
AKIRIN1,1,1
MKL1,1,1
MTCH1,1,1
MEF2D,1,1
AMPD2,1,1
JPH3,1,1
SESN3,1,1
PPME1,1,1
COPZ1,1,1
CCDC120,1,1
BSDC1,1,1
USP47,1,1
PARD3,1,1
AHCYL2,1,1
ISOC2,1,1
ARCN1,1,1
MYO9B,1,1
L3HYPDH,1,1
DGKQ,1,1
ATXN7,1,1
ATXN1,1,1
PEX2,1,1
CDYL2,1,1
C12orf45,1,1
ADGRG6,1,1
METTL14,1,1
KIAA1191,1,1
NAV1,1,1
NOB1,1,1
MED8,1,1
RPL19,1,1
SMC6,1,1
ZNF594,1,1
YAP1,1,1
RBM8A,1,1
GOLGB1,1,1
TPD52L2,1,1
DYSF,1,1
NR2F2,1,1
CCDC137,1,1
PSMA1,1,1
HELLS,1,1
BCL7C,1,1
PKP3,1,1
NFATC2,1,1
TRAF3,1,1
SEC13,1,1
CTNNA2,1,1
UPF1,1,1
SET,1,1
RNF4,1,1
CHD1,1,1
HIST1H3B,1,1
HIST1H3H,1,1
CD2AP,1,1
MTF2,1,1
RCL1,1,1
RBM28,1,1
SEC31B,1,1
DOK6,1,1
NEK3,1,1
XRN1,1,1
CTNNBL1,1,1
NUP54,1,1
TMEM207,1,1
TUBA3E,1,1
MBNL1,1,1
FDX1L,1,1
YWHAH,1,1
YWHAB,1,1
YY1,1,1
CACUL1,1,1
JMY,1,1
LIX1L,1,1
STXBP3,1,1
TMPO,1,1
HIPK3,1,1
PACRG,1,1
DOCK1,1,1
PPP2CB,1,1
CERKL,1,1
GPD2,1,1
NABP1,1,1
NASP,1,1
ID4,1,1
EXD2,1,1
TNRC6C,1,1
FAM111B,1,1
NSUN4,1,1
PPP2R3A,1,1
FAM63A,1,1
SNRNP40,1,1
AFAP1L2,1,1
RNASEH1,1,1
SIX5,1,1
CTPS2,1,1
PAN3,1,1
TXLNA,1,1
LUZP1,1,1
PARG,1,1
DTWD1,1,1
PPAN,1,1
ST14,1,1
MPP2,1,1
CLOCK,1,1
SMARCAL1,1,1
AFF4,1,1
CASZ1,1,1
CHID1,1,1
SHMT2,1,1
NCOA3,1,1
VPS13B,1,1
BCOR,1,1
PPP6C,1,1
CAMSAP1,1,1
MBD2,1,1
DCAF8,1,1
PGAM2,1,1
PPP1R32,1,1
CAPZB,1,1
PIP4K2A,1,1
PIGA,1,1
PAK4,1,1
TCOF1,1,1
MAEA,1,1
ARF1,1,1
PCBP3,1,1
FHL5,1,1
CXorf56,1,1
MYL6,1,1
SH3BP5,1,1
RASAL2,1,1
ABL1,1,1
CBX5,1,1
KRT80,1,1
CRTC3,1,1
PIK3C3,1,1
RECQL,1,1
ZRANB2,1,1
ZBTB22,1,1
TONSL,1,1
NDUFS1,1,1
COBLL1,1,1
SENP7,1,1
HIST3H3,1,1
HIST1H2AI,1,1
HIST1H4I,1,1
COLGALT1,1,1
TAB2,1,1
BAG1,1,1
ABCB7,1,1
NFASC,1,1
TPP2,1,1
MDH1,1,1
COLQ,1,1
CASP6,1,1
CASP4,1,1
SACM1L,1,1
GGA3,1,1
VCL,1,1
MYOF,1,1
TOM1L1,1,1
PPP2R5E,1,1
RNGTT,1,1
PUM1,1,1
MED13L,1,1
FUBP1,1,1
LLGL1,1,1
LIN7C,1,1
SETDB1,1,1
CLEC16A,1,1
DNAAF3,1,1
HN1,1,1
TAGLN2,1,1
METAP2,1,1
POLR3B,1,1
MCL1,1,1
C17orf53,1,1
GNG5,1,1
PRDM1,1,1
BCAT2,1,1
ATR,1,1
RABL3,1,1
WEE1,1,1
MAPT,1,1
MRPL24,1,1
NUSAP1,1,1
ZNF707,1,1
CDT1,1,1
PHF10,1,1
TICRR,1,1
ANAPC1,1,1
PURG,1,1
WNK1,1,1
TTF1,1,1
COQ9,1,1
ZGPAT,1,1
BRSK1,1,1
LZTS2,1,1
MYO18A,1,1
KRT2,1,1
BANP,1,1
NIPBL,1,1
VAPA,1,1
SPAG1,1,1
PNKP,1,1
LYVE1,1,1
MCM6,1,1
MYO1C,1,1
PABPC1L,1,1
HIST1H4B,1,1
FUS,1,1
NOL8,1,1
HNRNPF,1,1
CCNT1,1,1
CTNNA1,1,1
CBR1,1,1
VPS45,1,1
HNRNPC,1,1
CACNA1A,1,1
NCALD,1,1
EPC1,1,1
PHKG1,1,1
TARS,1,1
TNIP1,1,1
PKMYT1,1,1
HIST2H2BF,1,1
DDX60L,1,1
LRRC42,1,1
NT5C3B,1,1
FAM207A,1,1
MYLK,1,1
PCBP1,1,1
FAM107B,1,1
PIP4K2C,1,1
SLF1,1,1
ZNF362,1,1
ZNF560,1,1
PLCH1,1,1
POP1,1,1
ZC3HAV1L,1,1
APOH,1,1
NDUFA1,1,1
TRMT112,1,1
HNRNPH2,1,1
ZNF710,1,1
PLEC,1,1
DOCK9,1,1
MBP,1,1
CELF2,1,1
ZFP91,1,1
RPS3A,1,1
SENP1,1,1
PLK4,1,1
FZD6,1,1
RPL31,1,1
ABR,1,1
BRD8,1,1
PGR,1,1
ZNF280D,1,1
TFCP2,1,1
PIAS1,1,1
IDH2,1,1
IARS,1,1
AK3,1,1
ALG9,1,1
HS6ST2,1,1
CATSPER2,1,1
CPEB3,1,1
SRPRA,1,1
CTDP1,1,1
CEP85L,1,1
DCAF10,1,1
DNAH2,1,1
NUP85,1,1
ACLY,1,1
NOSIP,1,1
RXRB,1,1
FLI1,1,1
ZNF551,1,1
TRAPPC6A,1,1
RPL27A,1,1
RPL27,1,1
NAPA,1,1
ACTL6A,1,1
BAG3,1,1
AKAP6,1,1
HIF1A,1,1
AXIN1,1,1
EIF4G3,1,1
RBM38,1,1
PTPN13,1,1
USP6NL,1,1
SETD1A,1,1
COG4,1,1
MED18,1,1
EIF3C,1,1
RAB3GAP1,1,1
CAMK2A,1,1
CCDC191,1,1
BRD4,1,1
WAS,1,1
RFC5,1,1
THOC3,1,1
GRHL2,1,1
UPP1,1,1
TYW1,1,1
PHIP,1,1
CORO1B,1,1
CCDC58,1,1
SRSF3,1,1
PPP2R2A,1,1
HNRNPK,1,1
SH3GLB2,1,1
PDE6D,1,1
TTC26,1,1
FIGNL1,1,1
CNOT10,1,1
CALCOCO1,1,1
BCORL1,1,1
DCAF6,1,1
ANXA3,1,1
DGCR2,1,1
SNTB2,1,1
DCDC2,1,1
CEP170,1,1
TCF3,1,1
FLNC,1,1
MECP2,1,1
APPBP2,1,1
GAB2,1,1
DDX54,1,1
YBX1,1,1
ANO3,1,1
HCLS1,1,1
HCFC1,1,1
HADH,1,1
HAGH,1,1
MLLT11,1,1
ERP29,1,1
GRAMD1A,1,1
SLC4A2,1,1
USP38,1,1
UQCRC2,1,1
FAM98A,1,1
MORC2,1,1
SEPT3,1,1
DAZAP1,1,1
RBFOX1,1,1
MCM10,1,1
INCENP,1,1
ATXN2,1,1
BICD2,1,1
SLC27A6,1,1
GIT1,1,1
MRPS23,1,1
PRICKLE3,1,1
FAM60A,1,1
HIST3H2A,1,1
DCUN1D5,1,1
CTTN,1,1
KIF23,1,1
ATXN7L1,1,1
MCM8,1,1
NCOA5,1,1
MOV10,1,1
SCAF1,1,1
NPM1,1,1
NXF2B,1,1
PHF21A,1,1
TP53BP1,1,1
DCTN1,1,1
GRIN2A,1,1
DIMT1,1,1
FAM83H,1,1
YKT6,1,1
SLBP,1,1
TMC5,1,1
CYLC2,1,1
DDB1,1,1
CTBP1,1,1
CFAP45,1,1
LIMD1,1,1
BRD3,1,1
HIST1H1B,1,1
HIST1H1E,1,1
BRD2,1,1
GPRIN1,1,1
MBD6,1,1
ARVCF,1,1
ARNT,1,1
FAM111A,1,1
USP27X,1,1
NIP7,1,1
ARHGAP23,1,1
ZBTB38,1,1
AP1B1,1,1
G6PD,1,1
FKBP15,1,1
CERS6,1,1
EIF4ENIF1,1,1
PIK3C2A,1,1
KRT86,1,1
UBQLN2,1,1
RIOK2,1,1
FOSL1,1,1
PIP5K1C,1,1
RC3H1,1,1
RGPD8,1,1
STOML3,1,1
ARAP2,1,1
CLUH,1,1
BRD7,1,1
LRRC16A,1,1
GEMIN5,1,1
SMARCAD1,1,1
FBXL19,1,1
F3,1,1
CCDC97,1,1
WDR34,1,1
OBSCN,1,1
LRCH2,1,1
IQGAP1,1,1
FERMT3,1,1
RANBP6,1,1
BTN3A2,1,1
PDE1C,1,1
POT1,1,1
DCHS2,1,1
TRIM47,1,1
GBP6,1,1
BPHL,1,1
AMOTL1,1,1
CASP10,1,1
DCTN4,1,1
TOPAZ1,1,1
BANF1,1,1
DPYD,1,1
NRGN,1,1
PSMC4,1,1
DDX39A,1,1
HTATSF1,1,1
VDAC1,1,1
PGBD5,1,1
RABEPK,1,1
UBA52,1,1
POC1B,1,1
EDRF1,1,1
WARS,1,1
TAGLN3,1,1
PEA15,1,1
FGF19,1,1
WDR1,1,1
OXSR1,1,1
SLC38A2,1,1
PPM1D,1,1
TIGD5,1,1
ARPC3,1,1
LRCH4,1,1
NUMB,1,1
NCOA1,1,1
HSPA9,1,1
CRYAA,1,1
NEK4,1,1
CWC27,1,1
SOX12,1,1
WNK2,1,1
EHD2,1,1
KNSTRN,1,1
LCP2,1,1
FER1L6,1,1
MAP2K6,1,1
MAP2K5,1,1
NDST3,1,1
MED1,1,1
RBM22,1,1
PNPO,1,1
ZBTB21,1,1
TSR1,1,1
TIA1,1,1
CACYBP,1,1
KRT15,1,1
KRT8,1,1
IPO5,1,1
SKP1,1,1
RBMXL1,1,1
RNF20,1,1
SPDL1,1,1
CREB1,1,1
GPATCH2,1,1
PRKAR1B,1,1
HIST1H2BB,1,1
HIST1H2AE,1,1
USP49,1,1
DDX43,1,1
C9orf163,1,1
MARK1,1,1
GLUD2,1,1
CELF5,1,1
FBXO31,1,1
HSD3B7,1,1
SMC2,1,1
H1F0,1,1
FAM49B,1,1
KLHL17,1,1
FAM120C,1,1
ETNK1,1,1
BCLAF1,1,1
ARPP21,1,1
FAM122B,1,1
RNMT,1,1
ZNF451,1,1
EIF3L,1,1
RBM7,1,1
HPRT1,1,1
ATP6V1A,1,1
SEC61A2,1,1
INPP4A,1,1
GOLGA7,1,1
HSPH1,1,1
PSMC5,1,1
MCM9,1,1
GNAI3,1,1
GARS,1,1
CLHC1,1,1
RC3H2,1,1
HINT2,1,1
PLOD2,1,1
AKAP10,1,1
INO80B,1,1
SH3BGRL3,1,1
NPHP3,1,1
ORC4,1,1
NFE2L2,1,1
RPS20,1,1
RPS19,1,1
TRUB1,1,1
TAF6,1,1
SEC31A,1,1
POP7,1,1
PRMT2,1,1
BAZ2A,1,1
RP1L1,1,1
HLTF,1,1
PYGM,1,1
CEP44,1,1
STAU1,1,1
MRPL39,1,1
CHRAC1,1,1
POLE3,1,1
R3HDM1,1,1
HEATR5A,1,1
SCRIB,1,1
SUZ12,1,1
PCYT2,1,1
CUL2,1,1
BLM,1,1
BCHE,1,1
CRTC1,1,1
IDH3G,1,1
DUSP7,1,1
GAPDH,1,1
DSG2,1,1
MAGEA4,1,1
EXO1,1,1
YIF1B,1,1
STMN1,1,1
SCAF4,1,1
GNL1,1,1
EPB41L1,1,1
TUBB,1,1
EEF1E1,1,1
HLA-C,1,1
TSN,1,1
SPIN1,1,1
HNRNPU,1,1
SALL2,1,1
GSTO1,1,1
PLEKHA7,1,1
TMEM167A,1,1
TRAPPC5,1,1
GTF3C3,1,1
PAX1,1,1
RBM24,1,1
GTF2A1,1,1
KRT76,1,1
STRN3,1,1
HEYL,1,1
TBC1D5,1,1
GSE1,1,1
LHX3,1,1
TOX,1,1
SH3BP4,1,1
MYBBP1A,1,1
ZNF232,1,1
CCP110,1,1
SART3,1,1
NUP210,1,1
SIX4,1,1
FZD3,1,1
LAMA2,1,1
SNRPE,1,1
SNRPC,1,1
CTNNB1,1,1
UBXN2B,1,1
STK10,1,1
BCAP29,1,1
KRT18,1,1
TFEB,1,1
PPAN-P2RY11,1,1
POTEE,1,1
GSK3B,1,1
SUMF2,1,1
UBN1,1,1
DHX9,1,1
NUDCD3,1,1
ASXL1,1,1
POLR2E,1,1
ERF,1,1
PRPH,1,1
RBX1,1,1
KMT2E,1,1
FLYWCH2,1,1
EIF3I,1,1
MRPL22,1,1
PGD,1,1
C1QBP,1,1
ALDOC,1,1
CAPNS1,1,1
DHX8,1,1
HPS6,1,1
EIF2S3,1,1
PTRHD1,1,1
IGBP1,1,1
RBM4,1,1
SNRPA1,1,1
SNX2,1,1
FSCN1,1,1
MON2,1,1
SMG9,1,1
MYDGF,1,1
MSH3,1,1
CNTRL,1,1
MRE11A,1,1
EOMES,1,1
CHAF1A,1,1
RND2,1,1
MLF2,1,1
CCDC6,1,1
TUBB4A,1,1
RAB6C,1,1
KHDRBS2,1,1
ABCA13,1,1
LAS1L,1,1
ILKAP,1,1
ARID5B,1,1
MARK2,1,1
MYH1,1,1
FNDC3A,1,1
SSSCA1,1,1
LIG1,1,1
CLIC1,1,1
CDK2,1,1
TCEA1,1,1
LRP1,1,1
CSNK1E,1,1
ERO1A,1,1
NAV3,1,1
FOPNL,1,1
CTAG2,1,1
TSC2,1,1
AKNA,1,1
CDCA3,1,1
UBE2M,1,1
SPATS2,1,1
SIN3B,1,1
ATP5C1,1,1
ATF1,1,1
SDCCAG3,1,1
SCLT1,1,1
EWSR1,1,1
RPL8,1,1
DDX19B,1,1
EIF1AY,1,1
SYMPK,1,1
DDX23,1,1
HIST1H2AM,1,1
CNOT4,1,1
PYGL,1,1
ACO2,1,1
PAX5,1,1
EMC10,1,1
MICAL2,1,1
RNF128,1,1
RNF126,1,1
LBR,1,1
BTN3A1,1,1
SRRT,1,1
DCXR,1,1
CAB39,1,1
BRCA2,1,1
RYR1,1,1
DHX33,1,1
NELFE,1,1
ZNF213,1,1
NDRG2,1,1
ZNF443,1,1
PRDX2,1,1
TPM2,1,1
HOXA7,1,1
KCTD3,1,1
RLIM,1,1
CBFB,1,1
CAT,1,1
SECISBP2,1,1
INO80,1,1
PNP,1,1
PDIA6,1,1
SAMD4A,1,1
BRWD3,1,1
RRM2B,1,1
DXO,1,1
SLC30A6,1,1
ARHGEF40,1,1
IWS1,1,1
ZRANB3,1,1
KAT2B,1,1
DDX19A,1,1
RNF167,1,1
ETV7,1,1
SRPK2,1,1
DNAJC21,1,1
EIF4E,1,1
CLGN,1,1
NCKAP5L,1,1
PHACTR2,1,1
NUMBL,1,1
FBL,1,1
SERPINB7,1,1
MCM2,1,1
RFC2,1,1
DNAJC6,1,1
ATP6AP2,1,1
TMEM33,1,1
RFWD3,1,1
UTP6,1,1
ATE1,1,1
AP2A1,1,1
KIAA1671,1,1
SUPT6H,1,1
VAV3,1,1
UPF3B,1,1
NT5DC2,1,1
ACTB,1,1
AOC1,1,1
FBXO10,1,1
CRYGS,1,1
TFIP11,1,1
PPP1R12A,1,1
CCT4,1,1
DPYSL4,1,1
RPL35A,1,1
GBP1,1,1
KIAA1109,1,1
LRRC7,1,1
CKAP2,1,1
NDUFB3,1,1
URI1,1,1
RTN3,1,1
URB1,1,1
TRAK2,1,1
CMTR1,1,1
SETD1B,1,1
OSBPL10,1,1
FAM120B,1,1
DUSP27,1,1
DNAJB1,1,1
PSIP1,1,1
PPP1R3F,1,1
MELK,1,1
EFHD2,1,1
BLVRB,1,1
BLVRA,1,1
IMMP2L,1,1
HK3,1,1
DDX51,1,1
IL21R,1,1
AP4E1,1,1
SV2A,1,1
USP39,1,1
AHSG,1,1
RGPD1,1,1
RPL37A,1,1
RPL37,1,1
ANO1,1,1
ARPC1A,1,1
SUCLG2,1,1
ENO1,1,1
MLN,1,1
TBC1D9B,1,1
RAB6A,1,1
TACC1,1,1
TCF19,1,1
CDKN1A,1,1
SNX7,1,1
MEN1,1,1
PRRC1,1,1
GGA1,1,1
KATNAL1,1,1
MRPL43,1,1
RUVBL2,1,1
MAP10,1,1
OTUD5,1,1
ESYT1,1,1
CHST3,1,1
MED27,1,1
VAMP3,1,1
MTA2,1,1
DHX36,1,1
ALDH2,1,1
ANXA1,1,1
ARPC2,1,1
DZIP3,1,1
MACROD1,1,1
ZNF76,1,1
MAGEA11,1,1
CDC34,1,1
GPATCH8,1,1
MRPL11,1,1
ISOC1,1,1
EXOSC1,1,1
C14orf166,1,1
TRMT6,1,1
SBDS,1,1
NMD3,1,1
DHRS7,1,1
TGFB3,1,1
TXLNG,1,1
RPAIN,1,1
GLI1,1,1
IQCC,1,1
GATA2,1,1
HDGFRP2,1,1
MYO18B,1,1
MYCN,1,1
CXorf67,1,1
SACS,1,1
UQCRQ,1,1
LENG9,1,1
IRF2BPL,1,1
CORO2A,1,1
TRIM34,1,1
AES,1,1
TFAM,1,1
GABARAPL2,1,1
ACP1,1,1
PLEKHN1,1,1
PPP3CA,1,1
GBAS,1,1
TIPIN,1,1
SSH3,1,1
TMEM160,1,1
TUBA1C,1,1
COIL,1,1
AP3B2,1,1
ZNF330,1,1
PDS5B,1,1
PLEKHA5,1,1
CETN2,1,1
SCEL,1,1
AURKB,1,1
DPP3,1,1
PTPRE,1,1
WRNIP1,1,1
ATG16L1,1,1
IGF2R,1,1
RBM4B,1,1
CXXC1,1,1
RGPD2,1,1
DDHD2,1,1
TSPAN6,1,1
DDX10,1,1
PLOD1,1,1
KPNA4,1,1
LIG3,1,1
DDX6,1,1
LUC7L2,1,1
PAPD4,1,1
AKT1S1,1,1
PSMA5,1,1
PSAP,1,1
C1orf27,1,1
TXNDC5,1,1
GABARAPL1,1,1
RPS3,1,1
DDX49,1,1
SORCS1,1,1
IGF2BP1,1,1
EIF3J,1,1
RPLP2,1,1
RPLP0,1,1
WIPF2,1,1
HNRNPCL1,1,1
RRP8,1,1
DNAJC12,1,1
CWC22,1,1
CARHSP1,1,1
CALM1,1,1
ZFP36L2,1,1
CDC37,1,1
PWP1,1,1
KPTN,1,1
USP43,1,1
ASNS,1,1
ERI3,1,1
CMTR2,1,1
RSAD1,1,1
CRELD1,1,1
CDK16,1,1
TAF6L,1,1
PHLDB2,1,1
HELZ2,1,1
USP14,1,1
NDUFB7,1,1
HADHB,1,1
RRAGC,1,1
HNRNPD,1,1
HSPA6,1,1
HSPA4,1,1
PPP1CA,1,1
POU2F2,1,1
KMT2A,1,1
IRS4,1,1
TRAP1,1,1
NSA2,1,1
BMS1,1,1
DDX1,1,1
PPID,1,1
CDKN2B,1,1
POLRMT,1,1
CEP68,1,1
GAS2L3,1,1
FH,1,1
KIF27,1,1
RARS,1,1
SUPT5H,1,1
NUPL2,1,1
SNX9,1,1
DDX41,1,1
DYNLL2,1,1
VRK3,1,1
IRF2BP2,1,1
SARNP,1,1
FRMD5,1,1
SLC25A11,1,1
SF3A2,1,1
NR1H2,1,1
TADA3,1,1
PPIH,1,1
TACC3,1,1
RPL3,1,1
SERPINE2,1,1
ATP1B1,1,1
CNOT2,1,1
FAM133A,1,1
COPG1,1,1
RAP1B,1,1
SERBP1,1,1
TRPC4AP,1,1
NCBP3,1,1
C11orf58,1,1
RPL38,1,1
ATRN,1,1
CRKL,1,1
EEA1,1,1
MTHFSD,1,1
UTP14A,1,1
STT3A,1,1
HMGCS1,1,1
TIMM17B,1,1
PTBP1,1,1
INTS1,1,1
NKAP,1,1
WDR25,1,1
GTF3C4,1,1
ADAR,1,1
MYO1D,1,1
OSER1,1,1
APPL2,1,1
SRP72,1,1
RRBP1,1,1
IQCB1,1,1
PARD6G,1,1
PACSIN2,1,1
CANX,1,1
SERPINH1,1,1
MAGEA1,1,1
FXR1,1,1
ESCO2,1,1
CASKIN2,1,1
ACBD7,1,1
USP11,1,1
C21orf33,1,1
ABCE1,1,1
AMOT,1,1
ZBTB2,1,1
DARS,1,1
EEF1A2,1,1
CCDC136,1,1
HYDIN,1,1
CELSR3,1,1
NIPSNAP1,1,1
RAC2,1,1
PRKAR2A,1,1
ORC1,1,1
TANC1,1,1
FKBP1A,1,1
WRN,1,1
C9orf66,1,1
SNCG,1,1
INTS7,1,1
GCDH,1,1
OAT,1,1
BCKDK,1,1
SMNDC1,1,1
NET1,1,1
WDFY3,1,1
NUP188,1,1
RXRG,1,1
USP3,1,1
EXOSC6,1,1
TUBB8,1,1
DTYMK,1,1
USB1,1,1
ASXL2,1,1
HMX3,1,1
HIST1H2BM,1,1
HIST1H2BN,1,1
HIST2H2AC,1,1
ANP32B,1,1
FAM122A,1,1
IQCG,1,1
CSTF2,1,1
PEBP1,1,1
YARS,1,1
SRBD1,1,1
GSK3A,1,1
RPTOR,1,1
SLC2A5,1,1
GOLGA3,1,1
NCBP2,1,1
TMF1,1,1
TCHH,1,1
YTHDF2,1,1
UHRF2,1,1
CNN3,1,1
PKD2,1,1
FAM220A,1,1
FAM129B,1,1
GTF3C2,1,1
IKZF1,1,1
SULT4A1,1,1
NTMT1,1,1
TPM3,1,1
TSNARE1,1,1
ZNF227,1,1
GART,1,1
TUBG1,1,1
ARF3,1,1
RPL5,1,1
RPL4,1,1
TOP2B,1,1
TOP2A,1,1
PSMB3,1,1
PSMC3,1,1
ZBTB7B,1,1
CDH4,1,1
RPL18A,1,1
RPL23,1,1
RPL13,1,1
RPL12,1,1
H1FOO,1,1
SLC28A2,1,1
DHRS1,1,1
WDR26,1,1
SMTNL2,1,1
GPSM1,1,1
SLC12A2,1,1
PPIC,1,1
PPIB,1,1
POR,1,1
POLR3E,1,1
NKD1,1,1
NEK9,1,1
E2F3,1,1
CKAP5,1,1
ARHGAP17,1,1
SRA1,1,1
TEX10,1,1
TCEB2,1,1
AP3M1,1,1
VIMP,1,1
SEC24C,1,1
PFN1,1,1
TCF4,1,1
PFDN1,1,1
REXO4,1,1
RRP12,1,1
SON,1,1
PSMB6,1,1
DTHD1,1,1
ABCF2,1,1
CHORDC1,1,1
BPNT1,1,1
IK,1,1
ZNF34,1,1
ACTR5,1,1
GPN1,1,1
RBM34,1,1
NHEJ1,1,1
GSPT1,1,1
CPSF7,1,1
LAMC3,1,1
ZNF236,1,1
AATF,1,1
MTAP,1,1
DDOST,1,1
PSMB9,1,1
PEX10,1,1
PDE7A,1,1
CEP350,1,1
HTRA2,1,1
MBD1,1,1
DPYSL5,1,1
AIPL1,1,1
PATZ1,1,1
ORC6,1,1
LEMD3,1,1
HEBP2,1,1
SGK3,1,1
GPT2,1,1
CHMP2B,1,1
PURA,1,1
DEK,1,1
MYO15A,1,1
DSC2,1,1
PWP2,1,1
CREBBP,1,1
ANKFY1,1,1
CGGBP1,1,1
MIPOL1,1,1
COPS2,1,1
ATP6V1F,1,1
MED14,1,1
TBATA,1,1
ATP6V0D1,1,1
MCAM,1,1
LUC7L3,1,1
RBM19,1,1
VARS,1,1
LRBA,1,1
ZNF746,1,1
KAT7,1,1
PPFIA1,1,1
LAMP2,1,1
ANGPTL7,1,1
RPL36A,1,1
ZFP36L1,1,1
TSEN34,1,1
FAM186A,1,1
ACTG1,1,1
EIF2A,1,1
NEFM,1,1
ZBTB10,1,1
DNAJC1,1,1
NR0B2,1,1
UBE2O,1,1
HOXD11,1,1
RPL9,1,1
CEP131,1,1
RBBP7,1,1
MPHOSPH6,1,1
ATP1A2,1,1
MXRA5,1,1
DCAF13,1,1
C3orf17,1,1
RAD17,1,1
AKAP17A,1,1
RPL3L,1,1
MSH6,1,1
NUP50,1,1
DERL1,1,1
GLG1,1,1
MATK,1,1
BIN1,1,1
RUNX2,1,1
SEC14L4,1,1
SEMA6B,1,1
DGCR14,1,1
KLRG2,1,1
NUP160,1,1
FN3KRP,1,1
WDR73,1,1
LDLRAD4,1,1
PRUNE2,1,1
HARS,1,1
CD302,1,1
EYA3,1,1
CAMSAP2,1,1
THOC1,1,1
DOPEY2,1,1
ZMYM3,1,1
PPIL3,1,1
OTUD7A,1,1
EDC3,1,1
MTA1,1,1
PAPD5,1,1
FAM126B,1,1
EXOC4,1,1
FKBP2,1,1
AGFG1,1,1
GNL3L,1,1
TCP1,1,1
CUL4A,1,1
SNX18,1,1
TTC28,1,1
SLC25A35,1,1
FTSJ1,1,1
KLC3,1,1
GTF2H2C_2,1,1
MTA3,1,1
CFAP36,1,1
PCNT,1,1
ZXDC,1,1
CAPRIN1,1,1
TRIM33,1,1
RHPN2,1,1
GAR1,1,1
RPS19BP1,1,1
ANP32E,1,1
HIST1H2AB,1,1
GGPS1,1,1
CRYBB1,1,1
COMMD3-BMI1,1,1
ANKRD12,1,1
HSDL2,1,1
MMP24,1,1
RPL7A,1,1
DYNC1LI2,1,1
CAPZA2,1,1
AP3S1,1,1
SUV39H2,1,1
MKRN3,1,1
CCNL1,1,1
PIBF1,1,1
MTF1,1,1
CRYGB,1,1
ANKZF1,1,1
PLEKHA1,1,1
SHROOM3,1,1
DCTN2,1,1
MPHOSPH9,1,1
PLEKHG6,1,1
FAM89A,1,1
ZNF207,1,1
EFTUD2,1,1
MPDZ,1,1
LATS1,1,1
GPATCH11,1,1
ZNF579,1,1
USP54,1,1
MKNK1,1,1
RBBP4,1,1
ZNF260,1,1
CDC45,1,1
CBS,1,1
TESK1,1,1
STK4,1,1
HIST1H2BC,1,1
HIST1H2BI,1,1
NDC80,1,1
TRMT1L,1,1
ST18,1,1
DHX34,1,1
NAPEPLD,1,1
DHPS,1,1
HDGF,1,1
EVPL,1,1
TRAF7,1,1
JMJD1C,1,1
ZNF503,1,1
HSPB8,1,1
STOML2,1,1
RPS4Y2,1,1
PDE6A,1,1
LRRC31,1,1
ATAD3A,1,1
DNAJC10,1,1
ARHGDIA,1,1
HMGB3,1,1
ATF7IP,1,1
KTI12,1,1
CTCF,1,1
VASP,1,1
HDLBP,1,1
ARMC7,1,1
MLLT3,1,1
RNF169,1,1
MDP1,1,1
PRMT1,1,1
SMARCD2,1,1
NEU2,1,1
MED13,1,1
TM9SF4,1,1
EIF4A3,1,1
JADE3,1,1
SNX17,1,1
KMT2B,1,1
TBKBP1,1,1
PDCD10,1,1
ARL2BP,1,1
POLI,1,1
DDX20,1,1
SOCS7,1,1
DIS3L2,1,1
PFN2,1,1
RFC4,1,1
CAST,1,1
ATCAY,1,1
MYO1G,1,1
KRT84,1,1
KRT82,1,1
SQSTM1,1,1
WDR62,1,1
PRKAA2,1,1
PPP1R13L,1,1
POLE,1,1
ARPP19,1,1
CACNB1,1,1
RAD9A,1,1
RAB5C,1,1
DHX40,1,1
UBA2,1,1
SALL3,1,1
ACTR2,1,1
AKR1B1,1,1
LRRC40,1,1
PEX6,1,1
TRIP12,1,1
PHB,1,1
TPCN1,1,1
SYNRG,1,1
MAST1,1,1
GOT1,1,1
EPHX1,1,1
PRKRIP1,1,1
LRRK1,1,1
USP9Y,1,1
VAPB,1,1
LARGE,1,1
ZEB2,1,1
GJB2,1,1
SNX15,1,1
CCDC150,1,1
REPS1,1,1
GADD45GIP1,1,1
AHNAK,1,1
ACTG2,1,1
ACTA2,1,1
ZNF142,1,1
MEX3A,1,1
ELF4,1,1
DAB2,1,1
NADK,1,1
KCNAB2,1,1
PMS1,1,1
MAPKBP1,1,1
VEZT,1,1
RNF111,1,1
HIST1H4H,1,1
ZDHHC5,1,1
DOCK6,1,1
CCND1,1,1
DNTTIP1,1,1
SLTM,1,1
MAT2A,1,1
HP1BP3,1,1
EMC2,1,1
SEMA3D,1,1
ULK1,1,1
FADD,1,1
HAUS8,1,1
RCCD1,1,1
KRT74,1,1
FRMD3,1,1
ACSF3,1,1
ZC3H8,1,1
LIMA1,1,1
RHBDD1,1,1
NGLY1,1,1
AP3B1,1,1
AGPS,1,1
CBX4,1,1
DPF2,1,1
RANBP2,1,1
NSRP1,1,1
METTL15,1,1
MTO1,1,1
NR1H4,1,1
PGM1,1,1
RPL24,1,1
PLOD3,1,1
ZNF131,1,1
RGPD4,1,1
SRP54,1,1
TIMP4,1,1
UBE3A,1,1
CHAMP1,1,1
PRMT7,1,1
ISYNA1,1,1
ACP6,1,1
NCL,1,1
NKTR,1,1
CCT6A,1,1
PTK2,1,1
ONECUT2,1,1
HS2ST1,1,1
TTK,1,1
GPI,1,1
MYOD1,1,1
TMEM200B,1,1
LZTR1,1,1
HOXB5,1,1
ANKRD13A,1,1
BOD1,1,1
MCTP2,1,1
MYH9,1,1
CTDSPL2,1,1
SHTN1,1,1
ZFP2,1,1
HNRNPLL,1,1
LSM3,1,1
COPA,1,1
GSG2,1,1
MRPL15,1,1
BABAM1,1,1
NUP93,1,1
MICALL1,1,1
MCM3,1,1
UQCRC1,1,1
TBC1D26,1,1
ZNF804B,1,1
CKLF,1,1
INPP1,1,1
CTTNBP2NL,1,1
FGF18,1,1
IL18RAP,1,1
TRIM24,1,1
COG7,1,1
TTF2,1,1
CUL1,1,1
ZSWIM8,1,1
KIF7,1,1
NOP2,1,1
ENPP1,1,1
SOX21,1,1
KATNA1,1,1
KRR1,1,1
GSTM5,1,1
PPP2R1B,1,1
ABCF3,1,1
DONSON,1,1
SNX1,1,1
BAD,1,1
STRIP1,1,1
ANLN,1,1
RALGAPA2,1,1
ANAPC4,1,1
BAZ2B,1,1
ZKSCAN3,1,1
GLS,1,1
COMMD2,1,1
TUSC3,1,1
YWHAE,1,1
TUBA4A,1,1
ANGEL2,1,1
AMBRA1,1,1
DTD1,1,1
NHSL1,1,1
ELP4,1,1
EXOSC4,1,1
DHX29,1,1
ZDHHC13,1,1
RBM47,1,1
HEATR5B,1,1
LIME1,1,1
MAPK15,1,1
MIF,1,1
ACTL6B,1,1
GMPPB,1,1
PAXBP1,1,1
NAV2,1,1
CMPK1,1,1
FAM168A,1,1
C18orf21,1,1
ICK,1,1
RNF6,1,1
SLC6A8,1,1
SLC1A5,1,1
SRSF4,1,1
S100A11,1,1
RPS14,1,1
ULK3,1,1
RPS6KB1,1,1
DCLRE1A,1,1
ACO1,1,1
RPL13A,1,1
ATXN1L,1,1
CASP8AP2,1,1
ENDOV,1,1
SERTAD4,1,1
MAG,1,1
RPA1,1,1
ZNF408,1,1
ZBTB33,1,1
USP30,1,1
CBX2,1,1
EIF4B,1,1
FEN1,1,1
FDX1,1,1
EIF4EBP2,1,1
FASN,1,1
RPA2,1,1
PRDX3,1,1
CPD,1,1
RPS16,1,1
RPS12,1,1
HOXB9,1,1
HOXB4,1,1
HOXA6,1,1
SRXN1,1,1
PPP1R8,1,1
SENP3,1,1
RPL14,1,1
MAGED1,1,1
INF2,1,1
GTF2E2,1,1
WDR74,1,1
NARR,1,1
VHL,1,1
CLCN6,1,1
H2AFY2,1,1
C7orf26,1,1
SMARCC2,1,1
CDC42EP3,1,1
UBA3,1,1
QRICH1,1,1
ITGA2,1,1
PPP2R1A,1,1
KCTD12,1,1
RRP9,1,1
MAGEA8,1,1
NDUFS7,1,1
EPX,1,1
COA3,1,1
UBE2C,1,1
EIF6,1,1
GCC2,1,1
CCDC39,1,1
SENP6,1,1
KIAA0100,1,1
CROCC,1,1
TULP3,1,1
SMG6,1,1
RPL36AL,1,1
ITPKA,1,1
DAAM1,1,1
TMUB1,1,1
SNRPD2,1,1
LOC400927-CSNK1E,1,1
DLD,1,1
CHD1L,1,1
BRPF1,1,1
LDB2,1,1
PRDX4,1,1
NOP56,1,1
IPO7,1,1
HYOU1,1,1
TUSC2,1,1
STK38,1,1
OIP5,1,1
SDCCAG8,1,1
MTHFD2,1,1
HNRNPH3,1,1
EIF3M,1,1
HIST1H3F,1,1
CEBPG,1,1
ARHGAP12,1,1
CPNE1,1,1
VAMP8,1,1
GEMIN2,1,1
ADAM9,1,1
NHS,1,1
NACAD,1,1
MRPL35,1,1
APOL2,1,1
CSNK2A1,1,1
NOL9,1,1
C8orf44-SGK3,1,1
LZTFL1,1,1
GSPT2,1,1
CCT6B,1,1
BRIX1,1,1
CBLB,1,1
MLX,1,1
UNC45A,1,1
STAB1,1,1
NUP205,1,1
RBM12B,1,1
ALDH4A1,1,1
ARHGAP6,1,1
SF3A3,1,1
C10orf76,1,1
BCL9,1,1
CENPH,1,1
BCL11B,1,1
CEP290,1,1
RBM17,1,1
SLITRK4,1,1
ZNF629,1,1
FABP9,1,1
C9orf78,1,1
CAMKK1,1,1
SUGP1,1,1
C15orf52,1,1
SKIDA1,1,1
ZC3H12D,1,1
CLASRP,1,1
HNRNPUL2,1,1
KIF3C,1,1
HIST1H2AC,1,1
PHF1,1,1
PFKP,1,1
PFKL,1,1
TUBB6,1,1
HIST1H4A,1,1
HIST1H4K,1,1
HIST1H4F,1,1
ALMS1,1,1
SIRT3,1,1
BTBD11,1,1
PRC1,1,1
SLC25A42,1,1
GFM1,1,1
FAM129A,1,1
PSMA7,1,1
AIP,1,1
CS,1,1
KAT6A,1,1
SRSF6,1,1
LTN1,1,1
ZNF853,1,1
CDK4,1,1
BORCS6,1,1
MPP6,1,1
NLRP5,1,1
SP4,1,1
SP3,1,1
PPM1F,1,1
ALB,1,1
ZNF148,1,1
RNF123,1,1
BUD31,1,1
HMGN1,1,1
HDAC1,1,1
OAF,1,1
PODNL1,1,1
TFE3,1,1
CRYBB3,1,1
ASCC2,1,1
HOXD4,1,1
HOXC4,1,1
AIFM1,1,1
ARHGAP11A,1,1
PPP4C,1,1
TCEAL2,1,1
OSBPL1A,1,1
PLIN3,1,1
UQCRB,1,1
RBM5,1,1
SORBS3,1,1
NDUFA4,1,1
NBN,1,1
NRG2,1,1
XPC,1,1
RECQL4,1,1
C1orf198,1,1
CPSF2,1,1
SNX14,1,1
TUBG2,1,1
COTL1,1,1
AKIRIN2,1,1
FAM114A2,1,1
PRPF38B,1,1
IARS2,1,1
STOX2,1,1
ZFC3H1,1,1
CCDC138,1,1
TCEAL3,1,1
DDX27,1,1
KRT32,1,1
PTPN6,1,1
KRT75,1,1
RRP1,1,1
TBL1X,1,1
CHD6,1,1
USP31,1,1
VPS18,1,1
SLAIN2,1,1
ZNF512B,1,1
GATAD2B,1,1
ZNF484,1,1
ZNF622,1,1
PGK1,1,1
TEX2,1,1
KLHDC10,1,1
C5orf45,1,1
NHLRC2,1,1
ETAA1,1,1
TOR1AIP2,1,1
ITPKB,1,1
GNB2L1,1,1
SOS2,1,1
RAD23B,1,1
HAX1,1,1
TBX21,1,1
NENF,1,1
BEGAIN,1,1
HIST1H2BD,1,1
RAB5A,1,1
MAB21L1,1,1
BCL7A,1,1
RXFP3,1,1
MAP7D3,1,1
HIP1,1,1
QPRT,1,1
HIST1H2BA,1,1
PTMA,1,1
UBE2N,1,1
HIST1H4C,1,1
HIST1H4D,1,1
PSME2,1,1
PSMD9,1,1
PSMD7,1,1
PSMD3,1,1
MBTPS1,1,1
WAPL,1,1
DNAJC9,1,1
ALDOB,1,1
CCBE1,1,1
SHROOM1,1,1
AR,1,1
SPAG9,1,1
HSPA5,1,1
ATP5B,1,1
NDUFS8,1,1
FIP1L1,1,1
CSNK2A2,1,1
SLX1B,1,1
VWA5B2,1,1
RBP3,1,1
VRK1,1,1
SRSF9,1,1
GSTM3,1,1
GSTM2,1,1
RPS26,1,1
DHFR,1,1
LRPAP1,1,1
LRP6,1,1
ATG3,1,1
CHMP5,1,1
R3HCC1,1,1
HNRNPCL2,1,1
ZNF414,1,1
CCDC175,1,1
PKN3,1,1
MAX,1,1
RAB11A,1,1
SURF2,1,1
POTEF,1,1
GUF1,1,1
ICT1,1,1
BMI1,1,1
BCL3,1,1
RPS27L,1,1
C1orf106,1,1
MAZ,1,1
FBN2,1,1
IMPDH2,1,1
DNAJA1,1,1
CIT,1,1
POLR1C,1,1
GOLGA5,1,1
AFAP1L1,1,1
RHPN1,1,1
KLC1,1,1
CHD3,1,1
GNB2,1,1
GLUD1,1,1
ALDH18A1,1,1
HSF5,1,1
HMGA1,1,1
PGAM1,1,1
HMGB2,1,1
TUT1,1,1
YTHDC2,1,1
MFN1,1,1
INPPL1,1,1
RALGAPA1,1,1
ZNF488,1,1
N4BP1,1,1
NAF1,1,1
FAM117B,1,1
LSM11,1,1
NOM1,1,1
U2SURP,1,1
EFTUD1,1,1
PLD2,1,1
CBFA2T3,1,1
HNRNPA0,1,1
CAND2,1,1
ACAA2,1,1
TSNAX,1,1
ACMSD,1,1
CKAP2L,1,1
LCP1,1,1
TRIM65,1,1
HMGB1,1,1
TERF2,1,1
FMNL1,1,1
SYNE1,1,1
CDK11B,1,1
PUM3,1,1
IFNA14,1,1
RPS10,1,1
RAE1,1,1
FUT4,1,1
C4orf32,1,1
RBBP5,1,1
NF2,1,1
DDX42,1,1
BRWD1,1,1
KCNK18,1,1
DYRK2,1,1
ATP5L,1,1
MYL12A,1,1
POLD3,1,1
NUCB1,1,1
DDR2,1,1
GRIP1,1,1
RBM27,1,1
HDAC2,1,1
NSD1,1,1
HEATR1,1,1
SPRY2,1,1
DOCK2,1,1
ANP32A,1,1
TAB3,1,1
MAP4,1,1
XIAP,1,1
SMAD7,1,1
UQCRFS1,1,1
PITPNA,1,1
PIK3CB,1,1
TUBA3C,1,1
ACAT2,1,1
KATNB1,1,1
SERP1,1,1
RPL7,1,1
CAMKMT,1,1
NECAP1,1,1
DMWD,1,1
TAF15,1,1
WT1,1,1
ROBO3,1,1
USP13,1,1
WASL,1,1
CALD1,1,1
KIAA1143,1,1
NECAP2,1,1
TTC4,1,1
ZBTB34,1,1
RPTN,1,1
ASCC1,1,1
AGAP2,1,1
KRT14,1,1
DRD4,1,1
CSNK1D,1,1
PPIL1,1,1
PHACTR4,1,1
F11R,1,1
MCC,1,1
GLTSCR1,1,1
GLTSCR2,1,1
TBC1D28,1,1
UBC,1,1
RPL21,1,1
OSBPL11,1,1
MARCH7,1,1
MAP1LC3B,1,1
AKR1B10,1,1
PBX2,1,1
SKA1,1,1
ZNF844,1,1
INVS,1,1
IRS2,1,1
IREB2,1,1
GID4,1,1
WDFY1,1,1
CRYGC,1,1
ARMC4,1,1
GABARAP,1,1
EXOC3,1,1
DENND4B,1,1
AP5Z1,1,1
ZNF518B,1,1
RITA1,1,1
BCKDHA,1,1
BZRAP1,1,1
CEP85,1,1
ING5,1,1
THAP11,1,1
HIST2H3D,1,1
PMPCA,1,1
ERCC6,1,1
ERCC5,1,1
EMD,1,1
HIST1H3A,1,1
RAB12,1,1
CDC42EP5,1,1
DACT3,1,1
C18orf25,1,1
ACTC1,1,1
SOGA3,1,1
RB1CC1,1,1
SCML2,1,1
NDUFAF3,1,1
DHX57,1,1
SMCHD1,1,1
UBL5,1,1
SAMD4B,1,1
FRMD4A,1,1
DENND4C,1,1
ALDH1L1,1,1
AIMP2,1,1
MSI1,1,1
PPP1CB,1,1
CLVS1,1,1
MAP1S,1,1
MAP3K15,1,1
CRYBA1,1,1
GOSR1,1,1
TLE1,1,1
C15orf39,1,1
BDP1,1,1
CAND1,1,1
TANGO6,1,1
KRT3,1,1
ARFGEF3,1,1
ZMIZ1,1,1
RALGAPB,1,1
DNAH5,1,1
TATDN2,1,1
PHTF1,1,1
NPNT,1,1
PDXK,1,1
LEMD2,1,1
HERC1,1,1
KIAA1033,1,1
FKBP3,1,1
HIST1H2AL,1,1
ECI1,1,1
LAMA5,1,1
RLF,1,1
RAD54B,1,1
EOGT,1,1
PFDN2,1,1
PFAS,1,1
PEF1,1,1
PLXNB2,1,1
IFI44,1,1
GJA1,1,1
CAMLG,1,1
G3BP1,1,1
TRIM35,1,1
CDK17,1,1
PAF1,1,1
PRPS2,1,1
QSOX2,1,1
NAT6,1,1
HIST1H4L,1,1
FIG4,1,1
CHP1,1,1
ACTN2,1,1
CCT8,1,1
KIF2B,1,1
DNAJC19,1,1
KIF22,1,1
NARS,1,1
RPL10L,1,1
PDZD2,1,1
NUDT5,1,1
PDCD6,1,1
FABP5,1,1
GFI1,1,1
RPL30,1,1
KIAA1147,1,1
HIVEP2,1,1
TRMT10C,1,1
CC2D1A,1,1
IDE,1,1
VPS37C,1,1
HIST1H2BJ,1,1
MAGOH,1,1
ZFP36,1,1
SOD1,1,1
PDXP,1,1
C21orf59,1,1
BCL2L12,1,1
USP15,1,1
LAGE3,1,1
GDI1,1,1
TXN,1,1
CSTF2T,1,1
THSD7A,1,1
SAMD9,1,1
TRIM16,1,1
RPS11,1,1
RPS9,1,1
RPS8,1,1
RPS7,1,1
SOD2,1,1
MRPS6,1,1
CPSF3,1,1
KIF26A,1,1
HN1L,1,1
SPOCD1,1,1
SLC39A3,1,1
RPIA,1,1
PCID2,1,1
TAF7,1,1
ZNF24,1,1
BTBD16,1,1
CPT2,1,1
CPOX,1,1
CD3EAP,1,1
AFG3L2,1,1
KIAA1462,1,1
SRPRB,1,1
SNX8,1,1
DNAJC8,1,1
VAMP2,1,1
EEF2K,1,1
GNL2,1,1
SHPK,1,1
GPR180,1,1
HIF1AN,1,1
GLE1,1,1
DHX16,1,1
SS18,1,1
HIVEP1,1,1
ESYT2,1,1
LAMA1,1,1
EIF5A,1,1
GJC1,1,1
RPSA,1,1
SOWAHC,1,1
TAF10,1,1
MAP3K5,1,1
CCDC85C,1,1
DES,1,1
RPAP1,1,1
PRPF3,1,1
PDCD5,1,1
PRPF4,1,1
TIAM2,1,1
RPS27,1,1
CDC5L,1,1
UBR4,1,1
ACOT1,1,1
GATAD2A,1,1
TRNP1,1,1
PLXNA3,1,1
TUBGCP5,1,1
COG1,1,1
ATP5O,1,1
GSTP1,1,1
NUP155,1,1
KIAA1279,1,1
SLFN5,1,1
SNRPA,1,1
SMS,1,1
TPX2,1,1
AHSA1,1,1
MCMBP,1,1
RIN3,1,1
EIF3G,1,1
EIF3F,1,1
EIF3D,1,1
RPL26L1,1,1
POLG,1,1
COL27A1,1,1
PPP1R2,1,1
CPSF6,1,1
ZNF703,1,1
SPATA31C2,1,1
MAT1A,1,1
GTF2H2,1,1
CDCA5,1,1
HAUS7,1,1
PDAP1,1,1
SPEN,1,1
PITRM1,1,1
STK38L,1,1
LRP1B,1,1
RBMXL2,1,1
PEX16,1,1
GRAP2,1,1
ACAD9,1,1
SPTLC3,1,1
RETSAT,1,1
PREX1,1,1
H1FX,1,1
TRIP4,1,1
ALG2,1,1
DEFB104A,1,1
PSAT1,1,1
ZNF106,1,1
SLK,1,1
REV3L,1,1
GNA11,1,1
EIF4A2,1,1
H2AFX,1,1
STAT1,1,1
KRT79,1,1
CHAF1B,1,1
TBC1D2,1,1
MTPAP,1,1
GPS2,1,1
GP5,1,1
GOLGA2,1,1
GALNT2,1,1
SH3GL1,1,1
SDSL,1,1
PARK7,1,1
CDC42EP4,1,1
PARS2,1,1
SLC25A20,1,1
FBN3,1,1
MTHFS,1,1
TPRN,1,1
SMARCE1,1,1
SMARCD3,1,1
SMARCD1,1,1
ABCA5,1,1
KRT16,1,1
KRT7,1,1
KRT6B,1,1
KRT6A,1,1
KIFC3,1,1
WDHD1,1,1
ENAH,1,1
SZRD1,1,1
PABPC3,1,1
ZC3H3,1,1
ANKLE2,1,1
POLR3A,1,1
MCM3AP,1,1
HIST1H3E,1,1
PGBD4,1,1
CRK,1,1
GTF2E1,1,1
CALM3,1,1
B2M,1,1
STX2,1,1
CC2D1B,1,1
GNS,1,1
ENO2,1,1
GNB1,1,1
TRIM25,1,1
FGD1,1,1
PIEZO2,1,1
RBM3,1,1
MCM5,1,1
ACAD11,1,1
MDN1,1,1
LHX4,1,1
CCDC34,1,1
SYNE2,1,1
MFHAS1,1,1
PPM1G,1,1
SNRPB,1,1
GATC,1,1
HNRNPDL,1,1
SAMD1,1,1
STAMBP,1,1
EDC4,1,1
SLC25A4,1,1
GATA3,1,1
DSTYK,1,1
RRM1,1,1
RAD18,1,1
NUBP2,1,1
UBE2NL,1,1
THAP9,1,1
ZNF768,1,1
CUBN,1,1
PDCD11,1,1
RIOK1,1,1
NOL7,1,1
COL22A1,1,1
ZNF512,1,1
MTR,1,1
CHD4,1,1
RNF25,1,1
CYP27C1,1,1
OXCT1,1,1
PRPF38A,1,1
ERCC6L,1,1
CEP112,1,1
SNW1,1,1
CNOT1,1,1
WHSC1L1,1,1
VPS37B,1,1
ATXN10,1,1
SMC4,1,1
RPL22,1,1
SEC24D,1,1
ZC3H11A,1,1
PJA2,1,1
THSD1,1,1
TIMM13,1,1
TIMM10,1,1
CBLL1,1,1
FOXRED1,1,1
PTER,1,1
C9orf142,1,1
SLC4A1AP,1,1
SMU1,1,1
SLX4,1,1
MSANTD4,1,1
HECTD1,1,1
ZNF45,1,1
ZC3HC1,1,1
SH3BP1,1,1
SRF,1,1
XPO1,1,1
GSS,1,1
POP4,1,1
SPTY2D1,1,1
MEX3D,1,1
UBE4B,1,1
APOA1BP,1,1
TTC31,1,1
ZNF280C,1,1
ARHGAP1,1,1
YTHDF1,1,1
PREP,1,1
COPB2,1,1
ARPC1B,1,1
ZBTB48,1,1
EPB41L3,1,1
SGPL1,1,1
AP3M2,1,1
HELZ,1,1
GMEB1,1,1
RIMBP3,1,1
IRS1,1,1
MBLAC2,1,1
HMGA2,1,1
ADRBK1,1,1
REL,1,1
NMNAT1,1,1
C8orf33,1,1
CSTB,1,1
TMEM43,1,1
FSD1,1,1
RPF1,1,1
DDX50,1,1
PRPS1L1,1,1
LDLRAP1,1,1
ABCF1,1,1
C19orf47,1,1
RPF2,1,1
DNAH10,1,1
MICALL2,1,1
ABCA2,1,1
RASSF4,1,1
RAB7A,1,1
LARP6,1,1
ASPHD2,1,1
PPM1H,1,1
CNNM3,1,1
FBRSL1,1,1
CNDP2,1,1
OGFOD1,1,1
SIRT1,1,1
DNAJA2,1,1
DNASE2,1,1
TRA2B,1,1
EIF3E,1,1
RPL34,1,1
TRIM11,1,1
MRPL30,1,1
NRIP1,1,1
PPP1R10,1,1
APEH,1,1
ANKRD11,1,1
IBA57,1,1
RAP1GDS1,1,1
PRAMEF6,1,1
MPP7,1,1
ANXA5,1,1
CENPB,1,1
RGPD3,1,1
TOPBP1,1,1
HIST3H2BB,1,1
HIST4H4,1,1
CEP135,1,1
DENND1C,1,1
ERMP1,1,1
PURB,1,1
RPL26,1,1
SRP68,1,1
ARHGAP22,1,1
TRDN,1,1
DCT,1,1
SH2D4A,1,1
RAB11FIP5,1,1
NIPSNAP3A,1,1
NOL11,1,1
ATL3,1,1
LARP4B,1,1
CCDC86,1,1
DCTPP1,1,1
CCDC84,1,1
NRK,1,1
ARNT2,1,1
C9orf64,1,1
TBL1XR1,1,1
FGD6,1,1
IQGAP3,1,1
HIPK2,1,1
TEAD2,1,1
HEXB,1,1
TBL2,1,1
EMC8,1,1
ZNF804A,1,1
SHANK3,1,1
HIST2H2AB,1,1
MARCKS,1,1
RMI2,1,1
TRMT61A,1,1
ILDR2,1,1
RSRC2,1,1
TDRD9,1,1
C9orf91,1,1
CHCHD1,1,1
TTC9,1,1
PTPN23,1,1
FAM184B,1,1
WDR12,1,1
FER1L5,1,1
KHDRBS3,1,1
XPO7,1,1
AP1M2,1,1
SSH1,1,1
MAML3,1,1
NRAS,1,1
ZNF618,1,1
TMEM163,1,1
PHLDB3,1,1
SNX27,1,1
TJP3,1,1
C11orf95,1,1
AIMP1,1,1
HIST1H2AG,1,1
UTP14C,1,1
BICD1,1,1
ZNF516,1,1
IRF1,1,1
TCEA2,1,1
SMG8,1,1
DIEXF,1,1
FZD2,1,1
HIST1H4E,1,1
RBM26,1,1
TSPYL2,1,1
EEF1G,1,1
SPTBN1,1,1
MAST2,1,1
PRPF4B,1,1
SMURF2,1,1
ANXA13,1,1
NUCKS1,1,1
PKN2,1,1
C19orf45,1,1
RPL7L1,1,1
ATM,1,1
UPF2,1,1
MED12,1,1
OSBP,1,1
COPS4,1,1
LEO1,1,1
IPPK,1,1
SFXN1,1,1
ZNF574,1,1
UBE2Z,1,1
TNS3,1,1
MARC1,1,1
RLTPR,1,1
FOXC1,1,1
CXorf57,1,1
LRRCC1,1,1
F12,1,1
KIF14,1,1
OTUD7B,1,1
PROCA1,1,1
NUP214,1,1
FBN1,1,1
KRT19,1,1
MCCC2,1,1
ZFP28,1,1
RBM15B,1,1
H3F3C,1,1
POLR3D,1,1
DDX52,1,1
HOXA4,1,1
NOCT,1,1
PRMT6,1,1
VCPIP1,1,1
COPE,1,1
PDLIM1,1,1
CKMT1B,1,1
ZNF8,1,1
CXCR4,1,1
PAWR,1,1
HOXC12,1,1
XRCC1,1,1
SSB,1,1
WASF1,1,1
NR2F1,1,1
KPNA3,1,1
MSI2,1,1
KIAA2022,1,1
GLI3,1,1
HIST1H2AK,1,1
MSTO1,1,1
HOXB7,1,1
RNF115,1,1
NCAPG,1,1
PARPBP,1,1
TEAD1,1,1
SPAG7,1,1
TEAD4,1,1
HIST1H2BE,1,1
NUP37,1,1
WDR18,1,1
RRP36,1,1
LAMB1,1,1
SEC23IP,1,1
WBP4,1,1
ATAD5,1,1
CUEDC1,1,1
PPP1R14A,1,1
AHCTF1,1,1
RABAC1,1,1
DNAJC17,1,1
DBT,1,1
NEFL,1,1
DCAF7,1,1
TNNC2,1,1
KIAA0556,1,1
ZBED3,1,1
C16orf59,1,1
IBTK,1,1
SNRNP70,1,1
RNF219,1,1
TRIAP1,1,1
GNB4,1,1
PPP1CC,1,1
ALX1,1,1
CALML3,1,1
UBN2,1,1
PRR14L,1,1
HIST1H3G,1,1
WBP11,1,1
MRPS5,1,1
L2HGDH,1,1
PCNXL3,1,1
ZNF639,1,1
CLTB,1,1
PSMA6,1,1
PACS1,1,1
SLIRP,1,1
MAD2L1,1,1
VAT1,1,1
VTI1B,1,1
PDE12,1,1
BYSL,1,1
SMARCA5,1,1
TBC1D12,1,1
ZHX3,1,1
ATP9A,1,1
EIF2AK4,1,1
CHD5,1,1
STUB1,1,1
CNOT3,1,1
ALKBH4,1,1
KRCC1,1,1
SOS1,1,1
C1orf131,1,1
CAD,1,1
SERP2,1,1
OLA1,1,1
TMEM121,1,1
THUMPD2,1,1
POGK,1,1
ACTBL2,1,1
RBBP9,1,1
NUDC,1,1
ZNF121,1,1
CCDC73,1,1
CISD2,1,1
JMJD6,1,1
DHX15,1,1
TEAD3,1,1
TCEB3,1,1
RCC2,1,1
SUSD5,1,1
ANKRD52,1,1
PITHD1,1,1
CKM,1,1
CKB,1,1
TSR3,1,1
FAM83B,1,1
NOL12,1,1
DNAJB11,1,1
TMA7,1,1
HOOK1,1,1
PCF11,1,1
DEFB104B,1,1
TIMM50,1,1
RAVER1,1,1
MMGT1,1,1
COL23A1,1,1
GFER,1,1
SARS,1,1
GLO1,1,1
FAM8A1,1,1
REXO2,1,1
ACBD3,1,1
TAP1,1,1
SH3GL2,1,1
PGM2,1,1
C11orf54,1,1
RAB6B,1,1
TFPT,1,1
SEC61A1,1,1
AAK1,1,1
PSMC1,1,1
CDCA2,1,1
ZBTB5,1,1
PSMB1,1,1
MISP,1,1
CMAS,1,1
NAMPT,1,1
ACTR1A,1,1
ACTR1B,1,1
STAG1,1,1
KIF1C,1,1
MAP3K2,1,1
GPCPD1,1,1
ACTA1,1,1
CLIC4,1,1
PINX1,1,1
VPS35,1,1
ARHGEF16,1,1
CARD10,1,1
RTCB,1,1
MRPS30,1,1
ERP44,1,1
ZNF609,1,1
CNKSR3,1,1
FLOT2,1,1
HSD17B10,1,1
SNRPF,1,1
SORD,1,1
NNMT,1,1
DDX24,1,1
ATP13A1,1,1
DNAJB9,1,1
PRR11,1,1
EXOC2,1,1
C2orf68,1,1
TCEAL8,1,1
SPIN2A,1,1
MIS18BP1,1,1
REEP3,1,1
MAP1LC3B2,1,1
SMARCC1,1,1
FIGN,1,1
KLF12,1,1
PXDN,1,1
HOXA5,1,1
KCTD5,1,1
PLEKHA4,1,1
CCDC47,1,1
SMYD2,1,1
XAB2,1,1
FRA10AC1,1,1
STRN,1,1
PIK3R1,1,1
RAB11B,1,1
DDX55,1,1
USP37,1,1
ZNFX1,1,1
GPATCH1,1,1
WWC2,1,1
LSG1,1,1
CCAR1,1,1
RIPK3,1,1
TOMM34,1,1
NDUFA13,1,1
ZNHIT2,1,1
LAMP1,1,1
FRYL,1,1
PPP1R3D,1,1
NKX6-1,1,1
OSTM1,1,1
UBXN4,1,1
TNRC6A,1,1
HIST1H2AA,1,1
WDR11,1,1
RPRD1A,1,1
KIAA1551,1,1
TFB2M,1,1
CCDC9,1,1
TOMM70A,1,1
ANKRD54,1,1
UTRN,1,1
RPS4Y1,1,1
RPS4X,1,1
RAB10,1,1
YWHAG,1,1
PRPF31,1,1
EPC2,1,1
CACTIN,1,1
TAF9B,1,1
DYNC1LI1,1,1
SHANK1,1,1
HGH1,1,1
HOXC5,1,1
HOXB6,1,1
WDR87,1,1
GATA6,1,1
FOSL2,1,1
RNPC3,1,1
ITPR2,1,1
PPIAL4G,1,1
PRPF6,1,1
SOWAHB,1,1
PLEKHH3,1,1
OR6C75,1,1
NDUFA9,1,1
SDS,1,1
SAMM50,1,1
MAML1,1,1
ZC3H4,1,1
MESDC2,1,1
DVL2,1,1
DVL1,1,1
COPS5,1,1
C1orf35,1,1
LENG1,1,1
CASP14,1,1
CRIP1,1,1
LMOD1,1,1
STK39,1,1
KIF13B,1,1
TRPM7,1,1
EIF5A2,1,1
KIF26B,1,1
ARGLU1,1,1
DHCR24,1,1
SH3TC2,1,1
HIST1H4J,1,1
ITPKC,1,1
FAM83D,1,1
HNRNPCL4,1,1
ARPC5L,1,1
MRPS16,1,1
FCF1,1,1
RTF1,1,1
FAM103A1,1,1
KIF18A,1,1
WNK4,1,1
SLC25A28,1,1
NPEPPS,1,1
ECHS1,1,1
UFSP2,1,1
WIPF3,1,1
ALDH1B1,1,1
CRTC2,1,1
RRAS,1,1
TUBB2A,1,1
GPALPP1,1,1
CENPC,1,1
LRRC59,1,1
NIFK,1,1
TEFM,1,1
BRK1,1,1
ANKRD27,1,1
DYNC1H1,1,1
MIOS,1,1
SESN2,1,1
REXO1,1,1
PPP1R14C,1,1
TANC2,1,1
POLA1,1,1
DDTL,1,1
PRCC,1,1
RRP7A,1,1
ZNF462,1,1
SDF2L1,1,1
UCK2,1,1
MAPRE1,1,1
TWF2,1,1
FOXK1,1,1
ADI1,1,1
SUMO4,1,1
C8orf4,1,1
LARS,1,1
KRT20,1,1
TM9SF3,1,1
PNPT1,1,1
GRWD1,1,1
MRPS24,1,1
KCMF1,1,1
METTL2A,1,1
CSRNP1,1,1
RPS5,1,1
OR6F1,1,1
OR51G2,1,1
OR1I1,1,1
AAMDC,1,1
AHDC1,1,1
C5orf30,1,1
LONRF1,1,1
SH3RF2,1,1
FAM114A1,1,1
SPIN3,1,1
CEP95,1,1
SRP14,1,1
FOCAD,1,1
ATAD1,1,1
NAA15,1,1
GLCCI1,1,1
COLEC12,1,1
ADAMTS17,1,1
FAM175A,1,1
HIST1H2BO,1,1
PPIL4,1,1
WDR36,1,1
EHD4,1,1
ZNF689,1,1
MB21D1,1,1
ZBTB49,1,1
ZNF519,1,1
MPLKIP,1,1
AK1,1,1
SHKBP1,1,1
PPP1R14B,1,1
DCST2,1,1
FLCN,1,1
FANK1,1,1
MED16,1,1
IFRD2,1,1
SMG1,1,1
IRF2BP1,1,1
ARHGAP42,1,1
CWF19L2,1,1
ZNF791,1,1
CNOT11,1,1
CEBPZ,1,1
ALK,1,1
KRT6C,1,1
CNTD1,1,1
RCOR2,1,1
STK32C,1,1
DNAH17,1,1
CYB5D1,1,1
EXOC8,1,1
CHMP4B,1,1
CIAO1,1,1
RAB25,1,1
RIPK1,1,1
RAB21,1,1
NOP58,1,1
SNF8,1,1
ATAD3B,1,1
CLPX,1,1
